BRTH_YR,NM,CNT
2011,abigail,96.0
2011,ada,52.0
2011,aisha,52.0
2011,aiza,40.0
2011,aleena,48.0
2011,alexa,40.0
2011,alexandra,52.0
2011,alice,108.0
2011,alina,100.0
2011,alisha,40.0
2011,aliyah,48.0
2011,allison,68.0
2011,alyssa,104.0
2011,amanda,88.0
2011,amber,52.0
2011,amelia,56.0
2011,amy,96.0
2011,angel,88.0
2011,angela,188.0
2011,angelina,104.0
2011,angie,40.0
2011,anika,56.0
2011,anna,120.0
2011,annabelle,40.0
2011,annie,80.0
2011,aria,48.0
2011,ariana,60.0
2011,arianna,44.0
2011,arya,48.0
2011,ashley,208.0
2011,audrey,76.0
2011,ava,92.0
2011,ayesha,68.0
2011,bella,64.0
2011,bonnie,40.0
2011,brianna,52.0
2011,catherine,108.0
2011,cecilia,48.0
2011,charlotte,56.0
2011,chloe,424.0
2011,christina,80.0
2011,christine,44.0
2011,christy,48.0
2011,cindy,56.0
2011,claire,108.0
2011,cynthia,56.0
2011,daisy,44.0
2011,diya,48.0
2011,eileen,72.0
2011,elaine,112.0
2011,elena,48.0
2011,elina,44.0
2011,elizabeth,60.0
2011,ella,100.0
2011,emily,372.0
2011,emma,300.0
2011,erica,76.0
2011,erika,48.0
2011,erin,52.0
2011,eshal,44.0
2011,eva,88.0
2011,evelyn,68.0
2011,fatima,96.0
2011,fiona,192.0
2011,gianna,52.0
2011,grace,132.0
2011,hailey,64.0
2011,hannah,92.0
2011,helen,40.0
2011,irene,80.0
2011,iris,104.0
2011,isabel,48.0
2011,isabella,268.0
2011,isabelle,44.0
2011,ivy,140.0
2011,janice,56.0
2011,jannat,52.0
2011,jasmine,124.0
2011,jennifer,72.0
2011,jenny,108.0
2011,jessica,104.0
2011,jessie,72.0
2011,jia,48.0
2011,joanna,152.0
2011,jocelyn,60.0
2011,joy,56.0
2011,joyce,88.0
2011,julia,96.0
2011,kaitlyn,44.0
2011,karen,88.0
2011,kate,40.0
2011,katelyn,56.0
2011,katherine,84.0
2011,katie,72.0
2011,kayla,84.0
2011,kaylee,80.0
2011,kelly,88.0
2011,khloe,52.0
2011,kylie,44.0
2011,lauren,52.0
2011,leah,64.0
2011,leela,40.0
2011,lillian,64.0
2011,lily,60.0
2011,madison,76.0
2011,maggie,40.0
2011,mandy,48.0
2011,maryam,68.0
2011,maya,108.0
2011,megan,40.0
2011,melody,52.0
2011,mia,144.0
2011,michelle,168.0
2011,mila,68.0
2011,mina,48.0
2011,natalie,80.0
2011,nicole,132.0
2011,nina,84.0
2011,olivia,356.0
2011,phoebe,72.0
2011,queenie,60.0
2011,rachel,72.0
2011,raina,44.0
2011,rebecca,52.0
2011,renee,40.0
2011,sabrina,92.0
2011,samantha,88.0
2011,sara,96.0
2011,sarah,152.0
2011,selena,52.0
2011,selina,104.0
2011,serena,68.0
2011,sharon,80.0
2011,shirley,48.0
2011,sofia,76.0
2011,sophia,476.0
2011,sophie,100.0
2011,stella,44.0
2011,stephanie,88.0
2011,syeda,64.0
2011,tanisha,40.0
2011,tenzin,104.0
2011,tiffany,216.0
2011,tina,56.0
2011,vanessa,60.0
2011,vicky,128.0
2011,victoria,88.0
2011,vivian,176.0
2011,wendy,64.0
2011,winnie,100.0
2011,xin,72.0
2011,yu,52.0
2011,zahra,76.0
2011,zainab,92.0
2011,zara,56.0
2011,zoe,100.0
2011,aaliyah,276.0
2011,abigail,204.0
2011,addison,52.0
2011,aicha,56.0
2011,aisha,40.0
2011,aissatou,52.0
2011,alana,72.0
2011,alexis,52.0
2011,alicia,44.0
2011,aliyah,92.0
2011,alyssa,140.0
2011,amanda,68.0
2011,amani,60.0
2011,amaya,128.0
2011,amber,72.0
2011,amelia,76.0
2011,amina,56.0
2011,aminata,100.0
2011,amira,60.0
2011,amirah,88.0
2011,amiyah,80.0
2011,anaya,48.0
2011,angel,64.0
2011,angelina,44.0
2011,aniya,76.0
2011,aniyah,140.0
2011,aria,52.0
2011,ariana,52.0
2011,arianna,152.0
2011,ariel,128.0
2011,arielle,80.0
2011,ashley,64.0
2011,aubrey,64.0
2011,autumn,104.0
2011,ava,160.0
2011,brianna,152.0
2011,brielle,140.0
2011,brooke,48.0
2011,camille,48.0
2011,chelsea,148.0
2011,cheyenne,40.0
2011,chloe,288.0
2011,christina,68.0
2011,dakota,60.0
2011,danielle,80.0
2011,destiny,140.0
2011,dylan,44.0
2011,eden,44.0
2011,egypt,60.0
2011,elizabeth,88.0
2011,emily,120.0
2011,emma,60.0
2011,erin,40.0
2011,essence,44.0
2011,eva,44.0
2011,faith,184.0
2011,fanta,60.0
2011,fatima,96.0
2011,fatou,48.0
2011,fatoumata,204.0
2011,gabriella,96.0
2011,gabrielle,220.0
2011,genesis,60.0
2011,grace,60.0
2011,hailey,124.0
2011,hannah,96.0
2011,harmony,80.0
2011,hawa,60.0
2011,heaven,128.0
2011,imani,112.0
2011,isabella,140.0
2011,jada,208.0
2011,jade,72.0
2011,jaliyah,40.0
2011,janelle,44.0
2011,janiya,52.0
2011,janiyah,48.0
2011,jasmine,128.0
2011,jayda,64.0
2011,jayla,152.0
2011,jordyn,64.0
2011,julia,40.0
2011,kai,40.0
2011,kaitlyn,84.0
2011,kaliyah,56.0
2011,kamiyah,40.0
2011,kayla,312.0
2011,kaylee,100.0
2011,kelsey,44.0
2011,kendra,48.0
2011,kennedy,52.0
2011,kenya,40.0
2011,khloe,168.0
2011,kiara,52.0
2011,kimora,92.0
2011,kyla,48.0
2011,kylie,76.0
2011,laila,156.0
2011,lauren,108.0
2011,layla,120.0
2011,leah,156.0
2011,leilani,52.0
2011,london,368.0
2011,londyn,100.0
2011,lyric,52.0
2011,mackenzie,40.0
2011,madison,704.0
2011,makayla,268.0
2011,malia,68.0
2011,maliyah,56.0
2011,mariah,84.0
2011,mariam,128.0
2011,mariama,88.0
2011,maryam,40.0
2011,maya,100.0
2011,mckenzie,100.0
2011,melanie,72.0
2011,mia,144.0
2011,michelle,52.0
2011,mikayla,84.0
2011,milan,112.0
2011,morgan,124.0
2011,mya,128.0
2011,nadia,64.0
2011,nahla,52.0
2011,nana,40.0
2011,naomi,136.0
2011,natalia,48.0
2011,natalie,44.0
2011,nevaeh,240.0
2011,nia,152.0
2011,nyla,172.0
2011,nylah,168.0
2011,olivia,208.0
2011,paige,132.0
2011,paris,128.0
2011,peyton,80.0
2011,princess,64.0
2011,rachel,40.0
2011,rebecca,48.0
2011,riley,60.0
2011,sade,64.0
2011,samantha,108.0
2011,samara,44.0
2011,samiya,40.0
2011,samiyah,72.0
2011,sanaa,104.0
2011,sanai,84.0
2011,saniya,52.0
2011,saniyah,52.0
2011,sarah,160.0
2011,sarai,60.0
2011,sariah,68.0
2011,sasha,56.0
2011,savannah,168.0
2011,serenity,208.0
2011,shania,56.0
2011,shaniya,44.0
2011,shiloh,60.0
2011,skye,60.0
2011,skyla,76.0
2011,skylar,80.0
2011,sophia,120.0
2011,soraya,40.0
2011,summer,60.0
2011,sydney,96.0
2011,symphony,52.0
2011,tabitha,40.0
2011,tamia,68.0
2011,taraji,48.0
2011,taylor,212.0
2011,tiana,76.0
2011,tianna,52.0
2011,tori,64.0
2011,trinity,112.0
2011,victoria,144.0
2011,zahara,40.0
2011,zaniyah,40.0
2011,zara,44.0
2011,zaria,52.0
2011,zariah,56.0
2011,zoe,172.0
2011,zoey,116.0
2011,zuri,40.0
2011,aaliyah,252.0
2011,abby,40.0
2011,abigail,320.0
2011,adriana,260.0
2011,adrianna,104.0
2011,aileen,84.0
2011,aimee,48.0
2011,aisha,52.0
2011,alana,44.0
2011,alejandra,64.0
2011,alessandra,52.0
2011,alexa,220.0
2011,alexandra,188.0
2011,alice,64.0
2011,alicia,96.0
2011,alison,128.0
2011,alisson,60.0
2011,aliyah,88.0
2011,allison,360.0
2011,allyson,76.0
2011,alondra,64.0
2011,alyson,44.0
2011,alyssa,252.0
2011,amanda,120.0
2011,amaya,124.0
2011,amber,100.0
2011,amelia,132.0
2011,amy,348.0
2011,ana,132.0
2011,analia,68.0
2011,anaya,44.0
2011,andrea,244.0
2011,angela,80.0
2011,angelica,160.0
2011,angelina,288.0
2011,angelique,120.0
2011,angely,44.0
2011,angie,76.0
2011,aniyah,56.0
2011,anna,52.0
2011,annabelle,52.0
2011,april,52.0
2011,arely,48.0
2011,ariana,244.0
2011,arianna,308.0
2011,arianny,40.0
2011,ariel,68.0
2011,ariella,56.0
2011,ashley,760.0
2011,ashly,52.0
2011,athena,48.0
2011,aubrey,100.0
2011,aurora,64.0
2011,ava,216.0
2011,ayleen,56.0
2011,aylin,64.0
2011,bella,268.0
2011,bianca,96.0
2011,brenda,68.0
2011,briana,128.0
2011,brianna,456.0
2011,brianny,40.0
2011,brielle,44.0
2011,britney,48.0
2011,brittany,88.0
2011,bryanna,64.0
2011,camila,752.0
2011,carmen,48.0
2011,carolina,44.0
2011,caroline,48.0
2011,cassandra,40.0
2011,celeste,44.0
2011,charlotte,44.0
2011,chelsea,172.0
2011,chloe,240.0
2011,christina,44.0
2011,cindy,52.0
2011,clara,44.0
2011,cristina,40.0
2011,crystal,104.0
2011,cynthia,40.0
2011,daisy,120.0
2011,damaris,44.0
2011,dana,72.0
2011,daniela,256.0
2011,daniella,112.0
2011,danielle,48.0
2011,danna,156.0
2011,dayana,88.0
2011,delilah,116.0
2011,denise,64.0
2011,destiny,136.0
2011,diana,204.0
2011,dulce,80.0
2011,eileen,56.0
2011,elena,64.0
2011,eliana,136.0
2011,elianna,44.0
2011,elianny,48.0
2011,elisa,68.0
2011,elizabeth,252.0
2011,ella,128.0
2011,emely,200.0
2011,emily,648.0
2011,emma,456.0
2011,erika,60.0
2011,esmeralda,108.0
2011,esther,56.0
2011,estrella,60.0
2011,eva,188.0
2011,evelyn,252.0
2011,faith,100.0
2011,fatima,48.0
2011,fernanda,56.0
2011,gabriela,312.0
2011,gabriella,344.0
2011,gabrielle,56.0
2011,genesis,376.0
2011,geraldine,52.0
2011,gia,84.0
2011,gianna,196.0
2011,giselle,152.0
2011,grace,144.0
2011,guadalupe,104.0
2011,hailey,504.0
2011,haley,56.0
2011,hannah,68.0
2011,haylee,68.0
2011,hayley,52.0
2011,hazel,40.0
2011,heaven,60.0
2011,heidi,60.0
2011,heidy,64.0
2011,helen,52.0
2011,imani,44.0
2011,ingrid,44.0
2011,irene,44.0
2011,iris,40.0
2011,isabel,112.0
2011,isabela,40.0
2011,isabella,1324.0
2011,isabelle,72.0
2011,isis,52.0
2011,itzel,108.0
2011,izabella,92.0
2011,jacqueline,120.0
2011,jada,84.0
2011,jade,200.0
2011,jaelynn,44.0
2011,jamie,44.0
2011,janelle,48.0
2011,jaslene,44.0
2011,jasmin,80.0
2011,jasmine,164.0
2011,jayda,40.0
2011,jayla,132.0
2011,jaylah,48.0
2011,jayleen,204.0
2011,jaylene,88.0
2011,jaylin,52.0
2011,jaylyn,40.0
2011,jazlyn,64.0
2011,jazmin,96.0
2011,jazmine,56.0
2011,jennifer,236.0
2011,jessica,184.0
2011,jimena,44.0
2011,jocelyn,184.0
2011,johanna,48.0
2011,joselyn,120.0
2011,julia,88.0
2011,juliana,64.0
2011,julianna,84.0
2011,juliet,80.0
2011,juliette,60.0
2011,julissa,64.0
2011,kaelyn,44.0
2011,kailey,80.0
2011,kailyn,44.0
2011,kaitlyn,124.0
2011,kamila,144.0
2011,karen,164.0
2011,karla,100.0
2011,kate,108.0
2011,katelyn,92.0
2011,katelynn,40.0
2011,katherine,240.0
2011,katie,48.0
2011,kayla,248.0
2011,kaylee,332.0
2011,kayleen,76.0
2011,kayleigh,40.0
2011,kaylie,60.0
2011,kaylin,48.0
2011,keily,68.0
2011,kelly,164.0
2011,keyla,48.0
2011,khloe,228.0
2011,kiara,144.0
2011,kimberly,412.0
2011,krystal,52.0
2011,kylee,40.0
2011,kylie,148.0
2011,laila,116.0
2011,laura,56.0
2011,lauren,84.0
2011,layla,208.0
2011,lea,40.0
2011,leah,492.0
2011,leila,80.0
2011,leilani,132.0
2011,lesley,48.0
2011,leslie,264.0
2011,lesly,64.0
2011,leyla,40.0
2011,lia,104.0
2011,liana,72.0
2011,liliana,112.0
2011,lily,84.0
2011,lindsay,48.0
2011,lizbeth,120.0
2011,london,108.0
2011,lucia,80.0
2011,luna,96.0
2011,luz,100.0
2011,madeline,60.0
2011,madelyn,64.0
2011,madison,488.0
2011,makayla,128.0
2011,maria,236.0
2011,mariah,132.0
2011,mariana,48.0
2011,marilyn,40.0
2011,marisol,40.0
2011,maya,196.0
2011,megan,44.0
2011,melanie,436.0
2011,melany,56.0
2011,melissa,200.0
2011,melody,92.0
2011,mia,916.0
2011,miah,68.0
2011,michelle,204.0
2011,mikaela,56.0
2011,mikayla,104.0
2011,mila,76.0
2011,miley,68.0
2011,miranda,44.0
2011,miriam,44.0
2011,mya,116.0
2011,nadia,56.0
2011,nancy,40.0
2011,naomi,88.0
2011,natalia,200.0
2011,natalie,184.0
2011,nataly,52.0
2011,natasha,44.0
2011,nathalia,40.0
2011,nathalie,104.0
2011,nathaly,80.0
2011,nayeli,68.0
2011,nevaeh,128.0
2011,nicole,284.0
2011,nina,44.0
2011,noemi,44.0
2011,nyla,64.0
2011,olivia,344.0
2011,paola,40.0
2011,penelope,56.0
2011,perla,48.0
2011,rachel,100.0
2011,raquel,44.0
2011,rebecca,40.0
2011,rihanna,84.0
2011,riley,48.0
2011,rosa,40.0
2011,rose,44.0
2011,roselyn,64.0
2011,ruby,80.0
2011,sabrina,100.0
2011,sadie,44.0
2011,samantha,400.0
2011,samara,48.0
2011,sara,116.0
2011,sarah,212.0
2011,sarai,96.0
2011,sariah,40.0
2011,sasha,40.0
2011,savanna,40.0
2011,savannah,152.0
2011,scarlet,116.0
2011,scarlett,260.0
2011,selena,60.0
2011,serenity,148.0
2011,sherlyn,52.0
2011,shirley,60.0
2011,sienna,68.0
2011,skyla,84.0
2011,skylar,48.0
2011,sofia,660.0
2011,sophia,892.0
2011,sophie,48.0
2011,stacy,40.0
2011,stella,44.0
2011,stephanie,200.0
2011,stephany,44.0
2011,tatiana,44.0
2011,taylor,52.0
2011,tiana,44.0
2011,tiffany,96.0
2011,valentina,340.0
2011,valeria,180.0
2011,valerie,212.0
2011,vanessa,168.0
2011,veronica,40.0
2011,victoria,456.0
2011,violet,56.0
2011,viviana,44.0
2011,wendy,48.0
2011,ximena,72.0
2011,yamilet,44.0
2011,yaretzi,88.0
2011,zoe,260.0
2011,zoey,108.0
2011,abigail,412.0
2011,addison,76.0
2011,adele,88.0
2011,adeline,48.0
2011,adina,76.0
2011,adriana,116.0
2011,adrianna,72.0
2011,ahuva,64.0
2011,alessandra,80.0
2011,alessia,56.0
2011,alexa,216.0
2011,alexandra,436.0
2011,alexis,108.0
2011,alice,200.0
2011,alicia,44.0
2011,alina,44.0
2011,alisa,56.0
2011,aliza,88.0
2011,allison,60.0
2011,alyssa,112.0
2011,amanda,60.0
2011,amelia,248.0
2011,amelie,60.0
2011,amina,68.0
2011,amira,44.0
2011,amy,44.0
2011,anastasia,76.0
2011,angelica,40.0
2011,angelina,200.0
2011,anna,340.0
2011,annabel,56.0
2011,annabelle,108.0
2011,ariana,108.0
2011,arianna,112.0
2011,ariel,56.0
2011,ariela,40.0
2011,ariella,104.0
2011,ashley,80.0
2011,atara,40.0
2011,aubrey,40.0
2011,audrey,104.0
2011,autumn,40.0
2011,ava,648.0
2011,avery,208.0
2011,avigail,44.0
2011,aviva,72.0
2011,ayla,40.0
2011,baila,160.0
2011,barbara,48.0
2011,batsheva,80.0
2011,batya,60.0
2011,beatrice,132.0
2011,bella,88.0
2011,bianca,40.0
2011,blake,56.0
2011,blima,80.0
2011,blimy,92.0
2011,bracha,96.0
2011,breindy,60.0
2011,brianna,128.0
2011,bridget,56.0
2011,brooke,132.0
2011,brooklyn,60.0
2011,brucha,76.0
2011,bruchy,52.0
2011,brynn,56.0
2011,caitlin,44.0
2011,cameron,44.0
2011,caroline,208.0
2011,casey,48.0
2011,catherine,132.0
2011,cecilia,64.0
2011,celia,40.0
2011,chana,528.0
2011,chany,152.0
2011,charlie,56.0
2011,charlotte,508.0
2011,chava,184.0
2011,chavy,40.0
2011,chaya,712.0
2011,chloe,380.0
2011,christina,56.0
2011,claire,140.0
2011,clara,112.0
2011,colette,56.0
2011,cora,40.0
2011,dahlia,60.0
2011,daisy,52.0
2011,dalia,40.0
2011,daniela,52.0
2011,daniella,164.0
2011,danielle,60.0
2011,devora,68.0
2011,devorah,176.0
2011,diana,52.0
2011,dina,164.0
2011,dylan,80.0
2011,eden,96.0
2011,eleanor,156.0
2011,elena,76.0
2011,eliana,144.0
2011,elise,52.0
2011,elisheva,56.0
2011,eliza,100.0
2011,elizabeth,400.0
2011,ella,508.0
2011,elle,68.0
2011,elliana,44.0
2011,ellie,104.0
2011,eloise,96.0
2011,emerson,64.0
2011,emilia,132.0
2011,emily,476.0
2011,emma,852.0
2011,erin,60.0
2011,ester,56.0
2011,esther,896.0
2011,esty,72.0
2011,etty,60.0
2011,eva,256.0
2011,eve,88.0
2011,evelyn,156.0
2011,faiga,64.0
2011,faigy,288.0
2011,finley,44.0
2011,fiona,120.0
2011,fradel,64.0
2011,fraidy,104.0
2011,francesca,132.0
2011,frimet,40.0
2011,gabriela,76.0
2011,gabriella,408.0
2011,gabrielle,60.0
2011,gemma,60.0
2011,genevieve,48.0
2011,georgia,104.0
2011,gia,104.0
2011,gianna,272.0
2011,giovanna,40.0
2011,gittel,92.0
2011,gitty,328.0
2011,giuliana,164.0
2011,golda,56.0
2011,goldy,132.0
2011,grace,372.0
2011,greta,48.0
2011,hadassa,44.0
2011,hadassah,60.0
2011,hailey,136.0
2011,hanna,44.0
2011,hannah,284.0
2011,harper,120.0
2011,hazel,72.0
2011,henny,72.0
2011,hindy,148.0
2011,idy,40.0
2011,ilana,40.0
2011,iris,52.0
2011,isabel,136.0
2011,isabella,640.0
2011,isabelle,100.0
2011,isla,56.0
2011,ivy,60.0
2011,izabella,40.0
2011,jacqueline,80.0
2011,jane,108.0
2011,jasmine,56.0
2011,jenna,88.0
2011,jessica,88.0
2011,jordyn,44.0
2011,josephine,132.0
2011,joyce,56.0
2011,julia,464.0
2011,juliana,152.0
2011,julianna,112.0
2011,julie,40.0
2011,juliet,144.0
2011,juliette,92.0
2011,kaitlyn,68.0
2011,kate,68.0
2011,katherine,176.0
2011,kathryn,48.0
2011,kayla,180.0
2011,kaylee,44.0
2011,kira,44.0
2011,kylie,52.0
2011,laila,92.0
2011,lara,52.0
2011,laura,72.0
2011,lauren,104.0
2011,layla,116.0
2011,lea,116.0
2011,leah,732.0
2011,leila,40.0
2011,lena,116.0
2011,leora,48.0
2011,lia,92.0
2011,liana,68.0
2011,liba,80.0
2011,libby,92.0
2011,lila,136.0
2011,lilah,48.0
2011,liliana,116.0
2011,lillian,188.0
2011,lilly,52.0
2011,lily,324.0
2011,lina,52.0
2011,lola,88.0
2011,london,40.0
2011,lucia,92.0
2011,lucy,188.0
2011,lyla,84.0
2011,mackenzie,72.0
2011,madeleine,96.0
2011,madeline,156.0
2011,madelyn,60.0
2011,madison,228.0
2011,maeve,84.0
2011,makayla,48.0
2011,malak,60.0
2011,malka,252.0
2011,malky,236.0
2011,margaret,100.0
2011,maria,156.0
2011,mariam,68.0
2011,mary,64.0
2011,matilda,56.0
2011,maya,376.0
2011,melanie,48.0
2011,mia,464.0
2011,michaela,60.0
2011,michal,64.0
2011,michelle,140.0
2011,mikayla,48.0
2011,mila,124.0
2011,milena,52.0
2011,mindy,96.0
2011,miri,40.0
2011,miriam,524.0
2011,molly,144.0
2011,morgan,80.0
2011,naomi,184.0
2011,natalia,80.0
2011,natalie,160.0
2011,nechama,100.0
2011,nicole,180.0
2011,nicolette,40.0
2011,nina,156.0
2011,noa,136.0
2011,nora,92.0
2011,olivia,852.0
2011,paige,52.0
2011,parker,52.0
2011,pearl,92.0
2011,penelope,152.0
2011,perel,60.0
2011,pessy,104.0
2011,phoebe,92.0
2011,piper,44.0
2011,quinn,40.0
2011,rachel,684.0
2011,raizel,80.0
2011,raizy,204.0
2011,rebecca,216.0
2011,reese,52.0
2011,rifka,48.0
2011,rifky,52.0
2011,riley,112.0
2011,rivka,452.0
2011,rivky,172.0
2011,rochel,88.0
2011,roizy,52.0
2011,rose,140.0
2011,ruby,112.0
2011,ruchy,48.0
2011,ruth,44.0
2011,ryan,56.0
2011,sabrina,136.0
2011,sadie,128.0
2011,salma,68.0
2011,samantha,296.0
2011,sara,428.0
2011,sarah,708.0
2011,sasha,64.0
2011,savannah,64.0
2011,scarlett,124.0
2011,serena,64.0
2011,shaina,64.0
2011,shaindel,60.0
2011,shaindy,192.0
2011,shevy,40.0
2011,shifra,80.0
2011,shira,88.0
2011,shoshana,88.0
2011,siena,64.0
2011,sienna,152.0
2011,sima,76.0
2011,simi,40.0
2011,simone,60.0
2011,skylar,68.0
2011,sloane,68.0
2011,sofia,488.0
2011,sophia,720.0
2011,sophie,260.0
2011,stella,276.0
2011,summer,64.0
2011,suri,56.0
2011,sury,80.0
2011,sydney,140.0
2011,sylvia,44.0
2011,talia,104.0
2011,tamar,44.0
2011,taylor,100.0
2011,tessa,56.0
2011,toby,156.0
2011,tzipora,48.0
2011,tziporah,40.0
2011,tzippy,40.0
2011,tzivia,56.0
2011,valentina,124.0
2011,valerie,44.0
2011,vanessa,56.0
2011,vera,76.0
2011,veronica,88.0
2011,veronika,44.0
2011,victoria,336.0
2011,violet,152.0
2011,vivian,120.0
2011,vivienne,84.0
2011,willa,52.0
2011,yachet,52.0
2011,yael,84.0
2011,yasmine,40.0
2011,yehudis,92.0
2011,yides,100.0
2011,yitty,128.0
2011,yocheved,80.0
2011,zissy,100.0
2011,zoe,324.0
2011,zoey,84.0
2011,aarav,60.0
2011,aaron,204.0
2011,abdul,80.0
2011,abdullah,120.0
2011,adam,112.0
2011,aditya,56.0
2011,adrian,76.0
2011,ahmed,84.0
2011,aidan,128.0
2011,aiden,384.0
2011,alan,148.0
2011,alex,208.0
2011,alexander,188.0
2011,ali,52.0
2011,allen,56.0
2011,alvin,172.0
2011,andrew,280.0
2011,andy,172.0
2011,anson,72.0
2011,anthony,184.0
2011,arjun,108.0
2011,armaan,60.0
2011,aryan,72.0
2011,austin,256.0
2011,ayaan,124.0
2011,ayden,96.0
2011,benjamin,156.0
2011,benson,76.0
2011,brandon,116.0
2011,brian,160.0
2011,bryan,60.0
2011,caleb,64.0
2011,calvin,52.0
2011,carson,80.0
2011,charles,68.0
2011,christian,84.0
2011,christopher,84.0
2011,cody,40.0
2011,connor,44.0
2011,daniel,336.0
2011,danny,80.0
2011,darren,84.0
2011,david,112.0
2011,derek,128.0
2011,devin,84.0
2011,dylan,212.0
2011,eason,40.0
2011,edison,56.0
2011,edwin,60.0
2011,elijah,48.0
2011,elvis,44.0
2011,eric,340.0
2011,ethan,708.0
2011,evan,204.0
2011,farhan,68.0
2011,felix,88.0
2011,gabriel,52.0
2011,gavin,108.0
2011,george,48.0
2011,harrison,52.0
2011,hayden,40.0
2011,henry,84.0
2011,ian,88.0
2011,ibrahim,68.0
2011,isaac,52.0
2011,ishaan,40.0
2011,ivan,264.0
2011,jack,84.0
2011,jackson,52.0
2011,jacky,80.0
2011,jacob,196.0
2011,jaden,92.0
2011,jake,68.0
2011,james,144.0
2011,jason,392.0
2011,jay,56.0
2011,jayden,692.0
2011,jeffrey,100.0
2011,jeremy,68.0
2011,jerry,100.0
2011,jia,60.0
2011,john,84.0
2011,johnny,72.0
2011,jonathan,200.0
2011,jordan,92.0
2011,joseph,84.0
2011,joshua,144.0
2011,julian,44.0
2011,justin,440.0
2011,kai,48.0
2011,kevin,368.0
2011,kingsley,144.0
2011,kyle,180.0
2011,lawrence,56.0
2011,leo,160.0
2011,leon,68.0
2011,liam,100.0
2011,logan,76.0
2011,louis,40.0
2011,lucas,412.0
2011,luke,44.0
2011,marcus,80.0
2011,martin,56.0
2011,mason,136.0
2011,matthew,296.0
2011,max,56.0
2011,michael,152.0
2011,miles,40.0
2011,mohamed,52.0
2011,mohammad,184.0
2011,mohammed,164.0
2011,muhammad,304.0
2011,nathan,164.0
2011,nathaniel,64.0
2011,nelson,48.0
2011,nicholas,104.0
2011,noah,76.0
2011,oliver,40.0
2011,oscar,100.0
2011,owen,108.0
2011,patrick,56.0
2011,peter,44.0
2011,rayan,40.0
2011,raymond,108.0
2011,richard,104.0
2011,ricky,64.0
2011,rohan,60.0
2011,ryan,600.0
2011,samuel,120.0
2011,sean,56.0
2011,sebastian,56.0
2011,shawn,40.0
2011,simon,56.0
2011,stanley,92.0
2011,steven,140.0
2011,syed,64.0
2011,tenzin,96.0
2011,terry,44.0
2011,thomas,72.0
2011,timothy,64.0
2011,tony,64.0
2011,travis,44.0
2011,tyler,124.0
2011,victor,68.0
2011,vincent,284.0
2011,william,264.0
2011,wilson,92.0
2011,xavier,40.0
2011,zachary,48.0
2011,zain,48.0
2011,zayan,40.0
2011,aaron,212.0
2011,abdoul,64.0
2011,abdoulaye,52.0
2011,adam,112.0
2011,aden,76.0
2011,adonis,44.0
2011,adrian,72.0
2011,ahmed,44.0
2011,aidan,80.0
2011,aiden,668.0
2011,alexander,156.0
2011,ali,44.0
2011,alijah,40.0
2011,alvin,40.0
2011,amadou,60.0
2011,amar'e,48.0
2011,amare,60.0
2011,amari,228.0
2011,amir,356.0
2011,andre,88.0
2011,andrew,144.0
2011,angel,40.0
2011,anthony,264.0
2011,antonio,60.0
2011,ashton,72.0
2011,austin,52.0
2011,avery,76.0
2011,ayden,352.0
2011,benjamin,52.0
2011,blake,76.0
2011,brandon,228.0
2011,brian,88.0
2011,bryan,40.0
2011,bryce,140.0
2011,bryson,56.0
2011,caleb,176.0
2011,cameron,188.0
2011,carmelo,52.0
2011,carter,140.0
2011,cayden,44.0
2011,chad,48.0
2011,chance,60.0
2011,charles,60.0
2011,chase,164.0
2011,chris,40.0
2011,christian,364.0
2011,christopher,320.0
2011,cody,40.0
2011,corey,40.0
2011,daniel,324.0
2011,darius,48.0
2011,darren,48.0
2011,david,336.0
2011,derrick,40.0
2011,devin,96.0
2011,devon,40.0
2011,dominic,68.0
2011,donovan,40.0
2011,dwayne,56.0
2011,dylan,168.0
2011,edward,40.0
2011,eli,88.0
2011,elias,56.0
2011,elijah,624.0
2011,emmanuel,184.0
2011,eric,56.0
2011,ethan,496.0
2011,evan,104.0
2011,gabriel,144.0
2011,gavin,72.0
2011,george,40.0
2011,giovanni,56.0
2011,hassan,40.0
2011,hayden,48.0
2011,hunter,48.0
2011,ian,84.0
2011,ibrahim,100.0
2011,ibrahima,44.0
2011,isaac,72.0
2011,isaiah,420.0
2011,ishmael,40.0
2011,isiah,44.0
2011,jace,84.0
2011,jackson,44.0
2011,jacob,328.0
2011,jaden,300.0
2011,jaheim,40.0
2011,jahmir,56.0
2011,jaiden,140.0
2011,jalen,60.0
2011,jamal,52.0
2011,jamel,52.0
2011,james,132.0
2011,jamir,48.0
2011,jared,48.0
2011,jasiah,64.0
2011,jason,176.0
2011,jayden,736.0
2011,jaylen,152.0
2011,jayson,56.0
2011,jelani,44.0
2011,jeremiah,612.0
2011,jeremy,60.0
2011,jermaine,64.0
2011,jesse,48.0
2011,joel,148.0
2011,john,136.0
2011,jonathan,212.0
2011,jordan,212.0
2011,joseph,140.0
2011,joshua,512.0
2011,josiah,484.0
2011,julian,76.0
2011,justice,44.0
2011,justin,340.0
2011,kaden,88.0
2011,kai,56.0
2011,kaiden,112.0
2011,kaleb,72.0
2011,kamari,68.0
2011,kameron,56.0
2011,kayden,148.0
2011,keith,48.0
2011,kenneth,64.0
2011,kevin,112.0
2011,khalil,76.0
2011,king,56.0
2011,kiyan,48.0
2011,kyle,160.0
2011,kymani,76.0
2011,lamar,60.0
2011,landon,44.0
2011,levi,60.0
2011,liam,244.0
2011,logan,100.0
2011,lucas,48.0
2011,makai,40.0
2011,malachi,288.0
2011,malcolm,44.0
2011,malik,96.0
2011,mamadou,108.0
2011,marc,44.0
2011,marcus,96.0
2011,marquis,40.0
2011,mason,332.0
2011,matthew,236.0
2011,maurice,64.0
2011,mekhi,132.0
2011,messiah,92.0
2011,micah,116.0
2011,michael,372.0
2011,miles,40.0
2011,mohamed,148.0
2011,mohammed,92.0
2011,moussa,44.0
2011,myles,60.0
2011,nana,40.0
2011,nasir,132.0
2011,nathan,128.0
2011,nathaniel,256.0
2011,nehemiah,52.0
2011,nicholas,124.0
2011,nicolas,44.0
2011,nigel,40.0
2011,noah,364.0
2011,omar,56.0
2011,omari,76.0
2011,ousmane,56.0
2011,patrick,56.0
2011,preston,76.0
2011,prince,128.0
2011,quincy,40.0
2011,ricardo,40.0
2011,richard,60.0
2011,robert,116.0
2011,rodney,40.0
2011,ryan,164.0
2011,samuel,120.0
2011,sean,116.0
2011,sebastian,44.0
2011,sekou,60.0
2011,seth,48.0
2011,shawn,72.0
2011,sincere,96.0
2011,stephen,40.0
2011,steven,48.0
2011,terrell,40.0
2011,terrence,44.0
2011,timothy,56.0
2011,travis,68.0
2011,tristan,232.0
2011,troy,52.0
2011,tyler,404.0
2011,victor,48.0
2011,william,108.0
2011,xavier,232.0
2011,zachary,88.0
2011,zaire,76.0
2011,zion,140.0
2011,zyaire,56.0
2011,aaron,408.0
2011,abdiel,48.0
2011,abel,56.0
2011,abraham,88.0
2011,adam,128.0
2011,aden,52.0
2011,adonis,64.0
2011,adrian,628.0
2011,adriel,136.0
2011,aidan,144.0
2011,aiden,752.0
2011,alan,152.0
2011,albert,52.0
2011,alberto,60.0
2011,aldo,40.0
2011,alejandro,272.0
2011,alex,272.0
2011,alexander,876.0
2011,alexis,220.0
2011,alfredo,60.0
2011,allan,40.0
2011,allen,88.0
2011,alvin,40.0
2011,amir,84.0
2011,anderson,132.0
2011,andre,40.0
2011,andres,204.0
2011,andrew,500.0
2011,andy,148.0
2011,angel,1012.0
2011,angelo,112.0
2011,anthony,828.0
2011,antonio,128.0
2011,ariel,104.0
2011,armando,44.0
2011,armani,80.0
2011,arturo,40.0
2011,ashton,68.0
2011,austin,60.0
2011,avery,52.0
2011,axel,276.0
2011,ayden,416.0
2011,benjamin,204.0
2011,bradley,96.0
2011,brandon,736.0
2011,brayan,92.0
2011,brayden,64.0
2011,brian,236.0
2011,bryan,396.0
2011,bryant,68.0
2011,bryce,40.0
2011,byron,76.0
2011,caleb,168.0
2011,cameron,76.0
2011,carlos,436.0
2011,carmelo,64.0
2011,cesar,116.0
2011,charles,80.0
2011,chase,88.0
2011,chris,108.0
2011,christian,604.0
2011,christopher,956.0
2011,cristian,212.0
2011,cristofer,44.0
2011,cristopher,52.0
2011,damian,104.0
2011,damien,60.0
2011,daniel,884.0
2011,danny,124.0
2011,dante,84.0
2011,dariel,124.0
2011,darwin,72.0
2011,david,712.0
2011,dennis,60.0
2011,dereck,44.0
2011,derek,248.0
2011,derick,72.0
2011,devin,100.0
2011,diego,216.0
2011,dominic,88.0
2011,dominick,64.0
2011,dylan,544.0
2011,eddie,48.0
2011,edgar,116.0
2011,edison,44.0
2011,eduardo,180.0
2011,edward,120.0
2011,edwin,284.0
2011,eli,152.0
2011,elian,68.0
2011,elias,264.0
2011,elijah,440.0
2011,elvis,40.0
2011,emanuel,104.0
2011,emiliano,52.0
2011,emilio,84.0
2011,emmanuel,228.0
2011,enrique,56.0
2011,eric,240.0
2011,erick,240.0
2011,erik,72.0
2011,esteban,52.0
2011,ethan,1004.0
2011,evan,324.0
2011,ezekiel,44.0
2011,ezequiel,44.0
2011,felix,48.0
2011,fernando,112.0
2011,francisco,128.0
2011,frank,68.0
2011,franklin,56.0
2011,freddy,52.0
2011,gabriel,632.0
2011,gael,72.0
2011,gavin,76.0
2011,george,120.0
2011,gerardo,48.0
2011,giovani,40.0
2011,giovanni,272.0
2011,giovanny,52.0
2011,gregory,64.0
2011,gustavo,60.0
2011,hector,124.0
2011,henry,172.0
2011,hunter,60.0
2011,ian,288.0
2011,iker,52.0
2011,isaac,292.0
2011,isaiah,280.0
2011,ismael,68.0
2011,israel,88.0
2011,ivan,168.0
2011,jace,148.0
2011,jack,84.0
2011,jacob,1212.0
2011,jaden,292.0
2011,jadiel,204.0
2011,jaiden,168.0
2011,jaime,44.0
2011,jake,108.0
2011,james,280.0
2011,janiel,40.0
2011,januel,44.0
2011,jared,68.0
2011,jariel,100.0
2011,jason,368.0
2011,javier,152.0
2011,jay,72.0
2011,jayce,48.0
2011,jayden,1704.0
2011,jayson,96.0
2011,jean,152.0
2011,jeancarlos,40.0
2011,jefferson,56.0
2011,jeffrey,76.0
2011,jencarlos,44.0
2011,jeremiah,480.0
2011,jeremias,56.0
2011,jeremy,472.0
2011,jerry,44.0
2011,jesse,40.0
2011,jesus,280.0
2011,jimmy,56.0
2011,joaquin,92.0
2011,joel,328.0
2011,johan,112.0
2011,johann,48.0
2011,john,384.0
2011,johnathan,64.0
2011,johnny,72.0
2011,jonah,60.0
2011,jonathan,732.0
2011,jordan,288.0
2011,jorge,156.0
2011,jose,576.0
2011,joseph,560.0
2011,joshua,760.0
2011,josiah,200.0
2011,josue,140.0
2011,juan,396.0
2011,julian,396.0
2011,julien,56.0
2011,julio,108.0
2011,julius,104.0
2011,junior,72.0
2011,justin,1240.0
2011,kaden,52.0
2011,kayden,100.0
2011,kelvin,88.0
2011,kenneth,132.0
2011,kenny,80.0
2011,kevin,732.0
2011,landon,76.0
2011,larry,40.0
2011,leandro,64.0
2011,leo,44.0
2011,leonardo,220.0
2011,leonel,48.0
2011,liam,412.0
2011,logan,180.0
2011,lorenzo,56.0
2011,louis,56.0
2011,lucas,488.0
2011,luis,524.0
2011,lukas,44.0
2011,luke,68.0
2011,manuel,124.0
2011,marco,88.0
2011,marcos,116.0
2011,marcus,132.0
2011,mario,92.0
2011,mark,76.0
2011,marlon,40.0
2011,martin,64.0
2011,marvin,64.0
2011,mason,692.0
2011,mateo,176.0
2011,mathew,76.0
2011,matias,80.0
2011,matthew,1104.0
2011,mauricio,48.0
2011,max,132.0
2011,maximiliano,52.0
2011,maximo,48.0
2011,maximus,60.0
2011,melvin,48.0
2011,michael,696.0
2011,miguel,404.0
2011,mike,68.0
2011,moises,72.0
2011,nathan,188.0
2011,nathaniel,252.0
2011,nelson,64.0
2011,nicholas,412.0
2011,nicolas,212.0
2011,noah,628.0
2011,noel,96.0
2011,oliver,168.0
2011,omar,156.0
2011,oscar,108.0
2011,owen,48.0
2011,pablo,100.0
2011,patrick,48.0
2011,paul,64.0
2011,pedro,116.0
2011,peter,60.0
2011,preston,56.0
2011,prince,56.0
2011,rafael,124.0
2011,randy,192.0
2011,raymond,96.0
2011,ricardo,100.0
2011,richard,152.0
2011,riley,72.0
2011,robert,140.0
2011,roberto,44.0
2011,rodrigo,60.0
2011,roger,44.0
2011,romeo,56.0
2011,royce,44.0
2011,ruben,76.0
2011,ryan,488.0
2011,samuel,296.0
2011,santiago,200.0
2011,sean,120.0
2011,sebastian,732.0
2011,sergio,52.0
2011,shane,40.0
2011,shawn,60.0
2011,stephen,40.0
2011,steve,40.0
2011,steven,416.0
2011,taylor,40.0
2011,thomas,104.0
2011,timothy,64.0
2011,tomas,40.0
2011,travis,52.0
2011,tristan,136.0
2011,tyler,192.0
2011,uriel,84.0
2011,victor,192.0
2011,vincent,68.0
2011,william,392.0
2011,wilson,44.0
2011,xavier,368.0
2011,yadiel,100.0
2011,yahir,64.0
2011,yair,40.0
2011,yandel,48.0
2011,yaniel,40.0
2011,yariel,48.0
2011,yerik,52.0
2011,zachary,64.0
2011,zion,52.0
2011,aaron,268.0
2011,abraham,688.0
2011,adam,516.0
2011,adrian,140.0
2011,aharon,76.0
2011,ahmed,104.0
2011,ahron,68.0
2011,aidan,232.0
2011,aiden,312.0
2011,akiva,80.0
2011,alan,84.0
2011,albert,60.0
2011,alec,44.0
2011,alex,136.0
2011,alexander,788.0
2011,ali,132.0
2011,allen,44.0
2011,amir,60.0
2011,amrom,52.0
2011,andrew,532.0
2011,angelo,64.0
2011,anthony,540.0
2011,antonio,112.0
2011,ari,120.0
2011,ariel,120.0
2011,aron,240.0
2011,arthur,116.0
2011,aryeh,96.0
2011,asher,220.0
2011,ashton,40.0
2011,august,64.0
2011,augustus,40.0
2011,austin,104.0
2011,avi,48.0
2011,avraham,152.0
2011,avrohom,108.0
2011,avrum,44.0
2011,ayden,40.0
2011,baruch,84.0
2011,beckett,48.0
2011,ben,88.0
2011,benjamin,920.0
2011,bennett,40.0
2011,benzion,52.0
2011,berish,40.0
2011,binyomin,56.0
2011,blake,56.0
2011,boruch,64.0
2011,brady,52.0
2011,brandon,176.0
2011,brayden,60.0
2011,brendan,92.0
2011,brian,120.0
2011,brody,76.0
2011,bryan,56.0
2011,bryce,40.0
2011,caden,40.0
2011,caleb,124.0
2011,calvin,40.0
2011,cameron,108.0
2011,carmine,44.0
2011,carter,76.0
2011,chaim,588.0
2011,charles,516.0
2011,charlie,80.0
2011,chase,100.0
2011,cheskel,56.0
2011,christian,304.0
2011,christopher,368.0
2011,cole,148.0
2011,colin,128.0
2011,connor,212.0
2011,conor,52.0
2011,cooper,120.0
2011,daniel,840.0
2011,dashiell,48.0
2011,david,1032.0
2011,dean,96.0
2011,declan,128.0
2011,dennis,44.0
2011,derek,40.0
2011,devin,72.0
2011,dominic,60.0
2011,dominick,84.0
2011,dov,184.0
2011,dovid,160.0
2011,dylan,508.0
2011,edward,164.0
2011,efraim,100.0
2011,eitan,56.0
2011,eli,388.0
2011,elias,84.0
2011,eliezer,152.0
2011,elijah,140.0
2011,elimelech,64.0
2011,eliyahu,144.0
2011,elliot,132.0
2011,elliott,48.0
2011,ellis,40.0
2011,eric,108.0
2011,ethan,472.0
2011,evan,240.0
2011,ezra,132.0
2011,felix,92.0
2011,filip,52.0
2011,finn,92.0
2011,francesco,76.0
2011,frank,116.0
2011,gabriel,384.0
2011,gavin,212.0
2011,gavriel,60.0
2011,george,264.0
2011,giovanni,140.0
2011,graham,84.0
2011,grant,56.0
2011,grayson,76.0
2011,gregory,64.0
2011,greyson,44.0
2011,griffin,84.0
2011,harrison,160.0
2011,harry,64.0
2011,henry,596.0
2011,hersh,56.0
2011,hershel,96.0
2011,hershy,84.0
2011,hudson,212.0
2011,hugo,44.0
2011,hunter,116.0
2011,ian,112.0
2011,ilan,68.0
2011,isaac,368.0
2011,isaiah,64.0
2011,israel,112.0
2011,ivan,52.0
2011,jack,732.0
2011,jackson,308.0
2011,jacob,1060.0
2011,jake,308.0
2011,james,688.0
2011,jason,140.0
2011,jasper,80.0
2011,jayden,156.0
2011,jesse,48.0
2011,joel,120.0
2011,john,664.0
2011,jonah,208.0
2011,jonathan,284.0
2011,jordan,128.0
2011,joseph,1124.0
2011,joshua,356.0
2011,judah,136.0
2011,jude,52.0
2011,julian,316.0
2011,justin,184.0
2011,kacper,44.0
2011,kai,60.0
2011,kenneth,40.0
2011,kevin,116.0
2011,kieran,52.0
2011,kyle,96.0
2011,landon,52.0
2011,lazer,80.0
2011,leo,340.0
2011,leon,80.0
2011,leonardo,116.0
2011,lev,40.0
2011,levi,160.0
2011,liam,524.0
2011,lipa,76.0
2011,logan,268.0
2011,lorenzo,88.0
2011,louis,92.0
2011,luca,284.0
2011,lucas,512.0
2011,luka,84.0
2011,lukas,64.0
2011,luke,404.0
2011,maksim,44.0
2011,marc,64.0
2011,marco,64.0
2011,marcus,56.0
2011,mark,280.0
2011,martin,84.0
2011,mason,300.0
2011,mateo,68.0
2011,matteo,120.0
2011,matthew,756.0
2011,max,380.0
2011,maxim,108.0
2011,maximilian,116.0
2011,maximus,56.0
2011,maxwell,152.0
2011,mayer,96.0
2011,meilech,44.0
2011,meir,188.0
2011,menachem,412.0
2011,menashe,44.0
2011,mendel,144.0
2011,mendy,44.0
2011,micah,48.0
2011,michael,1168.0
2011,miles,184.0
2011,milo,80.0
2011,mohamed,152.0
2011,mohammed,40.0
2011,moishe,72.0
2011,mordechai,304.0
2011,morris,44.0
2011,moses,124.0
2011,moshe,896.0
2011,naftali,72.0
2011,naftuli,72.0
2011,nathan,284.0
2011,nathaniel,184.0
2011,nicholas,612.0
2011,nico,52.0
2011,nicolas,112.0
2011,nikolas,40.0
2011,noah,396.0
2011,noam,44.0
2011,nolan,44.0
2011,nosson,40.0
2011,oliver,400.0
2011,omar,132.0
2011,oscar,120.0
2011,owen,260.0
2011,parker,64.0
2011,patrick,224.0
2011,paul,104.0
2011,peter,208.0
2011,philip,104.0
2011,pinchas,60.0
2011,pinchus,52.0
2011,quinn,52.0
2011,rafael,108.0
2011,raphael,84.0
2011,rayan,64.0
2011,reed,40.0
2011,reid,52.0
2011,richard,104.0
2011,riley,56.0
2011,robert,276.0
2011,rocco,76.0
2011,roman,48.0
2011,rowan,48.0
2011,ryan,504.0
2011,ryder,64.0
2011,salvatore,144.0
2011,sam,140.0
2011,samir,40.0
2011,samuel,724.0
2011,santino,44.0
2011,sean,144.0
2011,sebastian,284.0
2011,shalom,44.0
2011,shane,84.0
2011,shaul,40.0
2011,shaya,104.0
2011,shea,64.0
2011,shia,120.0
2011,shimon,376.0
2011,shloime,60.0
2011,shloimy,52.0
2011,shlome,68.0
2011,shlomo,244.0
2011,shmiel,68.0
2011,shmuel,176.0
2011,shneur,44.0
2011,sholom,84.0
2011,shulem,168.0
2011,sidney,40.0
2011,silas,40.0
2011,simcha,128.0
2011,simon,188.0
2011,solomon,192.0
2011,spencer,60.0
2011,stephen,40.0
2011,steven,128.0
2011,theodore,212.0
2011,thomas,484.0
2011,timothy,96.0
2011,tristan,96.0
2011,tyler,244.0
2011,tzvi,164.0
2011,usher,116.0
2011,victor,136.0
2011,vincent,256.0
2011,vincenzo,52.0
2011,wesley,40.0
2011,william,680.0
2011,wyatt,100.0
2011,xavier,72.0
2011,yaakov,180.0
2011,yakov,240.0
2011,yaseen,44.0
2011,yechezkel,44.0
2011,yechiel,108.0
2011,yehoshua,88.0
2011,yehuda,296.0
2011,yehudah,40.0
2011,yida,52.0
2011,yidel,44.0
2011,yisrael,56.0
2011,yisroel,300.0
2011,yitzchak,68.0
2011,yitzchok,224.0
2011,yoel,80.0
2011,yonah,40.0
2011,yosef,408.0
2011,yousef,48.0
2011,youssef,44.0
2011,zachary,344.0
2011,zalmen,56.0
2011,zev,188.0
2012,abby,11.0
2012,abigail,29.0
2012,ada,12.0
2012,aisha,11.0
2012,alexandra,12.0
2012,alexis,18.0
2012,alice,37.0
2012,alina,30.0
2012,alisha,13.0
2012,allison,16.0
2012,alyssa,18.0
2012,amanda,22.0
2012,amaya,11.0
2012,amber,19.0
2012,amelia,20.0
2012,amina,18.0
2012,amy,23.0
2012,anaya,12.0
2012,angel,14.0
2012,angela,52.0
2012,angelina,17.0
2012,anisha,14.0
2012,anna,39.0
2012,annabelle,12.0
2012,annie,25.0
2012,anya,19.0
2012,aria,22.0
2012,ariana,18.0
2012,arianna,21.0
2012,ariel,12.0
2012,arisha,11.0
2012,arya,13.0
2012,ashley,45.0
2012,athena,10.0
2012,audrey,35.0
2012,ava,47.0
2012,avery,21.0
2012,ayesha,19.0
2012,bella,19.0
2012,bonnie,12.0
2012,brianna,10.0
2012,caroline,11.0
2012,catherine,26.0
2012,cecilia,12.0
2012,charlotte,22.0
2012,chelsea,18.0
2012,chloe,172.0
2012,christina,18.0
2012,christine,14.0
2012,cindy,15.0
2012,claire,27.0
2012,connie,15.0
2012,crystal,17.0
2012,cynthia,19.0
2012,daphne,11.0
2012,diya,11.0
2012,doris,13.0
2012,eileen,15.0
2012,elaine,21.0
2012,eleanor,15.0
2012,elena,11.0
2012,elina,14.0
2012,elizabeth,31.0
2012,ella,52.0
2012,ellie,17.0
2012,emily,110.0
2012,emma,97.0
2012,erica,23.0
2012,erin,16.0
2012,esther,16.0
2012,eva,28.0
2012,evelyn,37.0
2012,faith,10.0
2012,fatima,33.0
2012,fiona,49.0
2012,gabriella,15.0
2012,grace,51.0
2012,hafsa,11.0
2012,hailey,50.0
2012,hannah,46.0
2012,hareem,11.0
2012,hazel,10.0
2012,helen,12.0
2012,irene,23.0
2012,iris,21.0
2012,isabella,64.0
2012,isabelle,17.0
2012,ivy,35.0
2012,janice,14.0
2012,jannat,18.0
2012,jasmine,26.0
2012,jennifer,23.0
2012,jenny,26.0
2012,jessica,40.0
2012,joanna,37.0
2012,jocelyn,19.0
2012,jolin,10.0
2012,joy,14.0
2012,joyce,28.0
2012,judy,10.0
2012,julia,10.0
2012,kaitlyn,20.0
2012,karen,13.0
2012,kate,17.0
2012,katelyn,12.0
2012,katherine,37.0
2012,katie,12.0
2012,kayla,17.0
2012,kaylee,24.0
2012,kelly,13.0
2012,khloe,12.0
2012,kimberly,13.0
2012,kylie,15.0
2012,lauren,12.0
2012,layla,13.0
2012,leah,16.0
2012,lillian,16.0
2012,lily,22.0
2012,linda,17.0
2012,lydia,13.0
2012,madeleine,10.0
2012,madison,20.0
2012,maggie,16.0
2012,mandy,15.0
2012,manha,15.0
2012,maryam,13.0
2012,maya,28.0
2012,megan,19.0
2012,melanie,11.0
2012,melody,26.0
2012,mia,49.0
2012,michelle,48.0
2012,mila,14.0
2012,miranda,11.0
2012,natalie,29.0
2012,nicole,32.0
2012,nina,17.0
2012,olivia,132.0
2012,penelope,10.0
2012,phoebe,22.0
2012,queenie,20.0
2012,rachel,24.0
2012,rebecca,14.0
2012,riley,10.0
2012,sabrina,22.0
2012,samantha,34.0
2012,sara,24.0
2012,sarah,47.0
2012,savannah,11.0
2012,selena,22.0
2012,selina,41.0
2012,serena,22.0
2012,sharon,14.0
2012,sherry,13.0
2012,shirley,20.0
2012,sofia,24.0
2012,sophia,144.0
2012,sophie,40.0
2012,stella,33.0
2012,stephanie,19.0
2012,summer,10.0
2012,sydney,13.0
2012,syeda,10.0
2012,tasnim,10.0
2012,tenzin,31.0
2012,tiffany,42.0
2012,tina,15.0
2012,vanessa,15.0
2012,vicky,25.0
2012,victoria,25.0
2012,violet,10.0
2012,vivian,40.0
2012,winnie,29.0
2012,xin,17.0
2012,zahra,14.0
2012,zainab,18.0
2012,zara,17.0
2012,zoe,32.0
2012,zoey,20.0
2012,aaliyah,55.0
2012,abigail,66.0
2012,adrianna,11.0
2012,aicha,14.0
2012,aisha,19.0
2012,aissatou,13.0
2012,alana,25.0
2012,alani,13.0
2012,alexa,12.0
2012,alexis,12.0
2012,alicia,15.0
2012,aliyah,20.0
2012,alyssa,30.0
2012,amanda,11.0
2012,amaya,37.0
2012,amber,10.0
2012,amelia,16.0
2012,amina,11.0
2012,aminata,20.0
2012,amira,16.0
2012,amirah,27.0
2012,amiyah,14.0
2012,angel,14.0
2012,angelina,13.0
2012,aniya,11.0
2012,aniyah,30.0
2012,aria,19.0
2012,ariana,19.0
2012,arianna,38.0
2012,ariel,36.0
2012,arielle,23.0
2012,ashley,17.0
2012,aubree,14.0
2012,aubrey,27.0
2012,autumn,29.0
2012,ava,48.0
2012,awa,10.0
2012,ayanna,13.0
2012,bella,14.0
2012,bintou,11.0
2012,brianna,32.0
2012,brielle,42.0
2012,camille,10.0
2012,chelsea,29.0
2012,cheyenne,10.0
2012,chloe,70.0
2012,christina,14.0
2012,danielle,10.0
2012,deborah,10.0
2012,destiny,38.0
2012,elise,10.0
2012,elizabeth,31.0
2012,emily,35.0
2012,emma,27.0
2012,erin,11.0
2012,faith,42.0
2012,fanta,16.0
2012,fatima,29.0
2012,fatoumata,46.0
2012,gabriella,25.0
2012,gabrielle,42.0
2012,genesis,21.0
2012,gianna,17.0
2012,grace,20.0
2012,hailey,28.0
2012,hannah,22.0
2012,harmony,22.0
2012,hawa,13.0
2012,heaven,25.0
2012,imani,34.0
2012,isabella,43.0
2012,jada,28.0
2012,jade,32.0
2012,jaliyah,16.0
2012,janelle,17.0
2012,janiyah,15.0
2012,jasmine,27.0
2012,jayda,12.0
2012,jayla,25.0
2012,jessica,11.0
2012,jordan,10.0
2012,jordyn,19.0
2012,kaitlyn,14.0
2012,kaliyah,10.0
2012,kayla,62.0
2012,kaylee,30.0
2012,kelsey,16.0
2012,kennedy,25.0
2012,khloe,49.0
2012,kiara,13.0
2012,kimora,23.0
2012,kyla,15.0
2012,kylee,15.0
2012,kylie,31.0
2012,laila,38.0
2012,lauren,32.0
2012,layla,20.0
2012,leah,35.0
2012,leilani,17.0
2012,lily,12.0
2012,london,87.0
2012,londyn,20.0
2012,lyric,16.0
2012,mackenzie,20.0
2012,madison,159.0
2012,makayla,53.0
2012,makenzie,11.0
2012,malia,21.0
2012,maliyah,14.0
2012,mariah,22.0
2012,mariam,34.0
2012,mariama,24.0
2012,maya,29.0
2012,mckenzie,22.0
2012,megan,11.0
2012,melanie,23.0
2012,melody,14.0
2012,mia,41.0
2012,michelle,14.0
2012,mikayla,17.0
2012,milan,23.0
2012,miracle,18.0
2012,morgan,24.0
2012,mya,21.0
2012,naomi,33.0
2012,nevaeh,57.0
2012,nia,32.0
2012,nyla,47.0
2012,nylah,31.0
2012,olivia,58.0
2012,oumou,13.0
2012,paige,25.0
2012,paris,29.0
2012,peyton,36.0
2012,phoenix,11.0
2012,princess,11.0
2012,riley,23.0
2012,samantha,18.0
2012,samara,15.0
2012,samiyah,12.0
2012,sanaa,22.0
2012,sanai,19.0
2012,saniyah,16.0
2012,sarah,29.0
2012,sarai,16.0
2012,sariah,15.0
2012,sasha,13.0
2012,savannah,37.0
2012,serenity,59.0
2012,shayla,10.0
2012,skye,13.0
2012,skyla,29.0
2012,skylah,14.0
2012,skylar,43.0
2012,sophia,23.0
2012,stephanie,10.0
2012,summer,27.0
2012,sydney,17.0
2012,talia,11.0
2012,tamia,20.0
2012,taylor,71.0
2012,tiana,17.0
2012,tori,13.0
2012,trinity,19.0
2012,vanessa,17.0
2012,victoria,39.0
2012,violet,11.0
2012,wynter,10.0
2012,zoe,36.0
2012,zoey,22.0
2012,zuri,10.0
2012,aaliyah,68.0
2012,abigail,99.0
2012,adriana,59.0
2012,adrianna,20.0
2012,aileen,27.0
2012,alana,18.0
2012,alani,14.0
2012,alejandra,14.0
2012,alessandra,17.0
2012,alexa,66.0
2012,alexandra,41.0
2012,alexia,12.0
2012,alice,22.0
2012,alicia,18.0
2012,alina,18.0
2012,alison,32.0
2012,alisson,16.0
2012,aliyah,17.0
2012,allison,86.0
2012,allyson,18.0
2012,alondra,17.0
2012,alyssa,48.0
2012,amalia,10.0
2012,amanda,42.0
2012,amaya,36.0
2012,amber,25.0
2012,amberly,11.0
2012,amelia,42.0
2012,amelie,11.0
2012,amy,68.0
2012,ana,38.0
2012,anais,10.0
2012,analia,15.0
2012,andrea,49.0
2012,angela,26.0
2012,angelica,19.0
2012,angelina,59.0
2012,angelique,26.0
2012,angie,20.0
2012,aniyah,14.0
2012,anna,10.0
2012,april,15.0
2012,arely,12.0
2012,aria,12.0
2012,ariana,63.0
2012,arianna,77.0
2012,ariel,16.0
2012,arielle,10.0
2012,ashley,159.0
2012,athena,17.0
2012,aubrey,26.0
2012,aurora,11.0
2012,ava,76.0
2012,avery,17.0
2012,avril,11.0
2012,aylin,20.0
2012,bella,46.0
2012,bianca,22.0
2012,brenda,12.0
2012,briana,34.0
2012,brianna,105.0
2012,brielle,17.0
2012,britney,15.0
2012,brittany,21.0
2012,bryanna,16.0
2012,camila,161.0
2012,camilla,12.0
2012,carmen,19.0
2012,carolina,13.0
2012,caroline,14.0
2012,catalina,25.0
2012,catherine,15.0
2012,charlotte,12.0
2012,chelsea,45.0
2012,chloe,57.0
2012,christina,10.0
2012,cindy,11.0
2012,crystal,17.0
2012,cynthia,12.0
2012,daisy,25.0
2012,dana,14.0
2012,daniela,60.0
2012,daniella,21.0
2012,danna,32.0
2012,dayana,29.0
2012,delilah,25.0
2012,denise,10.0
2012,destiny,40.0
2012,diana,42.0
2012,dulce,10.0
2012,eileen,11.0
2012,elena,28.0
2012,eliana,34.0
2012,elianny,10.0
2012,elisa,11.0
2012,elizabeth,69.0
2012,ella,19.0
2012,emely,71.0
2012,emilia,18.0
2012,emily,186.0
2012,emma,125.0
2012,erika,11.0
2012,esmeralda,24.0
2012,esther,13.0
2012,eva,42.0
2012,evangeline,10.0
2012,evelyn,47.0
2012,faith,21.0
2012,fatima,16.0
2012,fernanda,10.0
2012,gabriela,64.0
2012,gabriella,79.0
2012,genesis,117.0
2012,geraldine,11.0
2012,gia,12.0
2012,gianna,48.0
2012,giselle,40.0
2012,grace,30.0
2012,guadalupe,34.0
2012,hailey,95.0
2012,haley,17.0
2012,hannah,30.0
2012,haylee,10.0
2012,hazel,15.0
2012,heaven,17.0
2012,heidi,10.0
2012,heidy,13.0
2012,helen,13.0
2012,isabel,40.0
2012,isabela,13.0
2012,isabella,327.0
2012,itzel,22.0
2012,ivanna,12.0
2012,izabella,23.0
2012,jacqueline,30.0
2012,jada,13.0
2012,jade,57.0
2012,jaelyn,10.0
2012,jamie,17.0
2012,jasmin,10.0
2012,jasmine,30.0
2012,jayla,24.0
2012,jaylah,18.0
2012,jayleen,36.0
2012,jaylene,24.0
2012,jaylin,15.0
2012,jazlyn,22.0
2012,jazmin,15.0
2012,jazmine,15.0
2012,jazzlyn,10.0
2012,jennifer,60.0
2012,jessica,27.0
2012,jimena,13.0
2012,jocelyn,39.0
2012,johanna,16.0
2012,joselyn,23.0
2012,julia,20.0
2012,juliana,14.0
2012,julianna,14.0
2012,julie,10.0
2012,juliet,22.0
2012,juliette,20.0
2012,julissa,16.0
2012,kailey,17.0
2012,kaitlyn,31.0
2012,kamila,29.0
2012,karen,28.0
2012,karina,11.0
2012,karla,19.0
2012,kassandra,13.0
2012,katelyn,21.0
2012,katherine,37.0
2012,katie,13.0
2012,kayla,58.0
2012,kaylee,92.0
2012,kaylie,13.0
2012,kaylin,10.0
2012,kelly,21.0
2012,kelsey,11.0
2012,keyla,14.0
2012,khloe,50.0
2012,kiara,25.0
2012,kimberly,85.0
2012,kylie,35.0
2012,laila,30.0
2012,laura,11.0
2012,lauren,18.0
2012,layla,47.0
2012,leah,103.0
2012,leila,27.0
2012,leilani,35.0
2012,lesley,10.0
2012,leslie,34.0
2012,lesly,15.0
2012,lia,30.0
2012,liana,10.0
2012,liliana,21.0
2012,lily,17.0
2012,litzy,29.0
2012,liz,10.0
2012,lizbeth,25.0
2012,london,37.0
2012,lucia,13.0
2012,luna,31.0
2012,luz,20.0
2012,mackenzie,11.0
2012,madeline,14.0
2012,madelyn,11.0
2012,madison,140.0
2012,makayla,21.0
2012,maria,55.0
2012,mariah,25.0
2012,mariana,11.0
2012,marilyn,11.0
2012,maya,39.0
2012,mckenzie,13.0
2012,megan,10.0
2012,melanie,107.0
2012,melany,30.0
2012,melina,12.0
2012,melissa,51.0
2012,melody,30.0
2012,mia,207.0
2012,miah,11.0
2012,michelle,42.0
2012,mikaela,14.0
2012,mikayla,13.0
2012,mila,26.0
2012,milagros,10.0
2012,miley,17.0
2012,miranda,16.0
2012,miriam,10.0
2012,mya,33.0
2012,naomi,35.0
2012,natalia,36.0
2012,natalie,39.0
2012,nataly,15.0
2012,natasha,24.0
2012,nathalia,10.0
2012,nathalie,19.0
2012,nathaly,16.0
2012,nayeli,22.0
2012,nevaeh,21.0
2012,nicole,58.0
2012,noemi,13.0
2012,nylah,16.0
2012,olivia,77.0
2012,paola,13.0
2012,paris,16.0
2012,paula,10.0
2012,penelope,17.0
2012,perla,22.0
2012,peyton,16.0
2012,rachel,22.0
2012,rebecca,18.0
2012,rihanna,13.0
2012,rosa,13.0
2012,roselyn,15.0
2012,ruby,17.0
2012,ruth,13.0
2012,sabrina,12.0
2012,salome,10.0
2012,samantha,109.0
2012,sandra,10.0
2012,sara,21.0
2012,sarah,43.0
2012,sarai,19.0
2012,savanna,11.0
2012,savannah,41.0
2012,scarlet,20.0
2012,scarlett,64.0
2012,selena,15.0
2012,serenity,54.0
2012,sherlyn,32.0
2012,sienna,16.0
2012,skyla,16.0
2012,skylar,16.0
2012,sofia,165.0
2012,sophia,236.0
2012,sophie,16.0
2012,stacey,11.0
2012,stacy,13.0
2012,stella,10.0
2012,stephanie,48.0
2012,summer,13.0
2012,tatiana,14.0
2012,tiffany,22.0
2012,valentina,68.0
2012,valeria,37.0
2012,valerie,53.0
2012,vanessa,44.0
2012,veronica,15.0
2012,victoria,91.0
2012,violet,17.0
2012,viviana,12.0
2012,wendy,11.0
2012,ximena,15.0
2012,yamileth,12.0
2012,yaretzi,48.0
2012,yesenia,11.0
2012,zoe,67.0
2012,zoey,31.0
2012,abigail,113.0
2012,ada,14.0
2012,addison,32.0
2012,adelaide,19.0
2012,adele,15.0
2012,adina,20.0
2012,adriana,43.0
2012,adrianna,23.0
2012,ahuva,15.0
2012,alana,12.0
2012,alessandra,15.0
2012,alessia,16.0
2012,alexa,56.0
2012,alexandra,110.0
2012,alexandria,10.0
2012,alexis,23.0
2012,alice,54.0
2012,alina,16.0
2012,alisa,12.0
2012,aliza,20.0
2012,allison,16.0
2012,alma,10.0
2012,alyssa,22.0
2012,amalia,11.0
2012,amanda,17.0
2012,amelia,86.0
2012,amelie,11.0
2012,amina,16.0
2012,amira,13.0
2012,amy,13.0
2012,anastasia,19.0
2012,angelina,48.0
2012,anna,90.0
2012,annabel,11.0
2012,annabelle,14.0
2012,anne,12.0
2012,antonia,12.0
2012,aria,17.0
2012,ariana,29.0
2012,arianna,29.0
2012,ariel,11.0
2012,ariella,28.0
2012,arielle,16.0
2012,ashley,29.0
2012,athena,12.0
2012,aubrey,10.0
2012,audrey,38.0
2012,ava,165.0
2012,avery,76.0
2012,avigail,13.0
2012,aviva,12.0
2012,aya,11.0
2012,ayla,18.0
2012,baila,45.0
2012,batsheva,57.0
2012,beatrice,29.0
2012,bella,22.0
2012,bianca,10.0
2012,blima,37.0
2012,blimy,21.0
2012,bracha,33.0
2012,breindy,12.0
2012,brianna,24.0
2012,brooke,26.0
2012,bruchy,21.0
2012,caitlin,10.0
2012,carolina,10.0
2012,caroline,48.0
2012,cassandra,10.0
2012,catherine,33.0
2012,cecilia,28.0
2012,celia,11.0
2012,chana,155.0
2012,chanie,10.0
2012,chany,44.0
2012,charlotte,126.0
2012,chava,38.0
2012,chavy,14.0
2012,chaya,174.0
2012,chelsea,14.0
2012,chloe,96.0
2012,christina,15.0
2012,claire,45.0
2012,clara,42.0
2012,colette,17.0
2012,cora,17.0
2012,dahlia,15.0
2012,daisy,11.0
2012,dalia,11.0
2012,daniela,10.0
2012,daniella,34.0
2012,danielle,13.0
2012,daphne,16.0
2012,devora,16.0
2012,devorah,37.0
2012,diana,20.0
2012,dina,44.0
2012,dylan,23.0
2012,eden,26.0
2012,eleanor,45.0
2012,elena,20.0
2012,eliana,43.0
2012,elise,14.0
2012,elisheva,17.0
2012,eliza,18.0
2012,elizabeth,116.0
2012,ella,148.0
2012,elle,20.0
2012,elliana,11.0
2012,ellie,23.0
2012,eloise,31.0
2012,elsa,14.0
2012,emerson,11.0
2012,emilia,44.0
2012,emily,137.0
2012,emma,228.0
2012,esme,16.0
2012,estelle,11.0
2012,ester,11.0
2012,esther,192.0
2012,esty,12.0
2012,etty,19.0
2012,eva,64.0
2012,evangeline,15.0
2012,eve,13.0
2012,evelyn,52.0
2012,faiga,29.0
2012,faigy,70.0
2012,faith,10.0
2012,fatima,12.0
2012,fiona,29.0
2012,frady,11.0
2012,fraidy,18.0
2012,frances,13.0
2012,francesca,33.0
2012,frimet,13.0
2012,gabriela,10.0
2012,gabriella,86.0
2012,gabrielle,17.0
2012,gemma,22.0
2012,genevieve,18.0
2012,georgia,16.0
2012,gia,36.0
2012,giada,13.0
2012,gianna,48.0
2012,gittel,21.0
2012,gitty,69.0
2012,giulia,12.0
2012,giuliana,42.0
2012,golda,13.0
2012,goldy,25.0
2012,grace,79.0
2012,greta,13.0
2012,hadassah,10.0
2012,hadley,13.0
2012,hailey,36.0
2012,hana,13.0
2012,hanna,23.0
2012,hannah,83.0
2012,harper,43.0
2012,hazel,16.0
2012,helen,14.0
2012,helena,15.0
2012,henny,14.0
2012,hinda,15.0
2012,hindy,40.0
2012,idy,15.0
2012,ines,10.0
2012,iris,15.0
2012,isabel,24.0
2012,isabella,123.0
2012,isabelle,21.0
2012,isla,22.0
2012,ivy,17.0
2012,jacqueline,26.0
2012,jade,11.0
2012,jana,16.0
2012,jane,20.0
2012,jasmine,10.0
2012,jenna,17.0
2012,jennifer,13.0
2012,jessica,17.0
2012,joanna,11.0
2012,jolie,11.0
2012,jordan,12.0
2012,josephine,34.0
2012,joyce,10.0
2012,judy,13.0
2012,julia,91.0
2012,juliana,32.0
2012,julianna,17.0
2012,julie,17.0
2012,juliet,38.0
2012,juliette,25.0
2012,june,12.0
2012,kaitlyn,16.0
2012,kate,17.0
2012,katelyn,12.0
2012,katherine,41.0
2012,kathryn,17.0
2012,katie,12.0
2012,kaya,10.0
2012,kayla,38.0
2012,kaylee,10.0
2012,keira,24.0
2012,kira,13.0
2012,laila,19.0
2012,lana,14.0
2012,lara,16.0
2012,laura,14.0
2012,lauren,25.0
2012,layla,43.0
2012,lea,23.0
2012,leah,219.0
2012,leila,30.0
2012,lena,15.0
2012,leora,13.0
2012,lia,19.0
2012,liana,13.0
2012,liba,13.0
2012,libby,24.0
2012,lila,50.0
2012,lilah,13.0
2012,liliana,24.0
2012,lillian,43.0
2012,lilly,19.0
2012,lily,104.0
2012,lina,12.0
2012,liv,10.0
2012,livia,14.0
2012,lola,15.0
2012,louisa,16.0
2012,lucia,32.0
2012,lucy,54.0
2012,lyla,11.0
2012,mackenzie,22.0
2012,madeleine,35.0
2012,madeline,55.0
2012,madelyn,21.0
2012,madison,66.0
2012,mae,10.0
2012,maeve,21.0
2012,malak,18.0
2012,malka,57.0
2012,malky,65.0
2012,margaret,29.0
2012,margot,11.0
2012,maria,44.0
2012,mariam,20.0
2012,marina,10.0
2012,mary,23.0
2012,maryam,10.0
2012,matilda,15.0
2012,maya,120.0
2012,melanie,10.0
2012,melissa,13.0
2012,mia,136.0
2012,michaela,13.0
2012,michelle,38.0
2012,mikayla,12.0
2012,mila,40.0
2012,mindy,30.0
2012,mirel,14.0
2012,miri,13.0
2012,miriam,150.0
2012,molly,45.0
2012,morgan,22.0
2012,naomi,30.0
2012,natalia,17.0
2012,natalie,46.0
2012,nechama,25.0
2012,nicole,48.0
2012,nicolette,14.0
2012,nina,42.0
2012,noa,28.0
2012,noor,12.0
2012,nora,32.0
2012,olive,18.0
2012,olivia,198.0
2012,paige,16.0
2012,pearl,31.0
2012,penelope,54.0
2012,perel,13.0
2012,perl,12.0
2012,perry,17.0
2012,pessy,27.0
2012,peyton,11.0
2012,phoebe,20.0
2012,piper,18.0
2012,polina,12.0
2012,quinn,20.0
2012,rachel,186.0
2012,raizel,17.0
2012,raizy,52.0
2012,raquel,12.0
2012,reagan,22.0
2012,rebecca,45.0
2012,reem,10.0
2012,reese,25.0
2012,rifky,14.0
2012,riley,40.0
2012,rivka,96.0
2012,rivky,50.0
2012,rochel,20.0
2012,roizy,11.0
2012,rosa,15.0
2012,rose,36.0
2012,rosie,10.0
2012,ruby,38.0
2012,ruchy,22.0
2012,ruth,17.0
2012,ryan,13.0
2012,sabrina,29.0
2012,sadie,36.0
2012,sage,10.0
2012,salma,15.0
2012,samantha,74.0
2012,sara,133.0
2012,sarah,209.0
2012,sasha,13.0
2012,savannah,22.0
2012,scarlett,43.0
2012,selma,10.0
2012,shaina,14.0
2012,shaindy,71.0
2012,shifra,19.0
2012,shira,16.0
2012,shoshana,15.0
2012,siena,17.0
2012,sienna,39.0
2012,sima,15.0
2012,simone,20.0
2012,skylar,28.0
2012,sloane,19.0
2012,sofia,100.0
2012,sonia,10.0
2012,sophia,198.0
2012,sophie,90.0
2012,stella,74.0
2012,sury,31.0
2012,sydney,38.0
2012,sylvia,16.0
2012,sylvie,10.0
2012,talia,35.0
2012,tamar,12.0
2012,taylor,26.0
2012,tessa,11.0
2012,toby,52.0
2012,tzipora,13.0
2012,tzivia,11.0
2012,valentina,36.0
2012,valerie,17.0
2012,vanessa,21.0
2012,vera,18.0
2012,veronica,27.0
2012,victoria,109.0
2012,violet,47.0
2012,virginia,12.0
2012,vivian,23.0
2012,vivienne,37.0
2012,willa,17.0
2012,yael,23.0
2012,yara,10.0
2012,yehudis,17.0
2012,yides,29.0
2012,yitta,12.0
2012,yitty,43.0
2012,yocheved,32.0
2012,zissy,32.0
2012,zoe,93.0
2012,zoey,25.0
2012,aarav,10.0
2012,aaron,66.0
2012,aayan,13.0
2012,abdul,16.0
2012,abdullah,28.0
2012,adam,41.0
2012,aditya,11.0
2012,adrian,27.0
2012,ahmed,15.0
2012,aidan,39.0
2012,aiden,118.0
2012,alan,35.0
2012,albert,18.0
2012,alex,54.0
2012,alexander,73.0
2012,ali,17.0
2012,allen,35.0
2012,alston,14.0
2012,alvin,45.0
2012,andrew,66.0
2012,andy,58.0
2012,angus,16.0
2012,anson,25.0
2012,anthony,45.0
2012,arjun,21.0
2012,aryan,14.0
2012,asher,12.0
2012,austin,67.0
2012,ayaan,41.0
2012,ayan,12.0
2012,ayden,19.0
2012,benjamin,46.0
2012,benson,15.0
2012,brandon,38.0
2012,brayden,15.0
2012,brian,41.0
2012,bruce,10.0
2012,bryan,18.0
2012,caleb,15.0
2012,calvin,10.0
2012,carson,10.0
2012,carter,10.0
2012,charles,22.0
2012,chase,13.0
2012,christian,23.0
2012,christopher,15.0
2012,cody,10.0
2012,connor,17.0
2012,cyrus,11.0
2012,daniel,98.0
2012,danny,13.0
2012,darren,26.0
2012,david,40.0
2012,derek,35.0
2012,devin,16.0
2012,dylan,77.0
2012,eason,30.0
2012,edison,16.0
2012,edward,10.0
2012,eli,12.0
2012,elijah,19.0
2012,elvis,10.0
2012,eric,123.0
2012,ethan,187.0
2012,evan,83.0
2012,felix,22.0
2012,gabriel,27.0
2012,gavin,25.0
2012,gordon,12.0
2012,hamza,11.0
2012,hao,11.0
2012,harrison,13.0
2012,hayden,11.0
2012,henry,33.0
2012,hudson,12.0
2012,hunter,17.0
2012,ian,43.0
2012,ibrahim,29.0
2012,isaac,25.0
2012,ivan,68.0
2012,jack,26.0
2012,jackson,17.0
2012,jacky,14.0
2012,jacob,48.0
2012,jaden,42.0
2012,jake,19.0
2012,james,43.0
2012,jason,101.0
2012,jasper,14.0
2012,jay,18.0
2012,jayden,187.0
2012,jeffrey,29.0
2012,jeremy,60.0
2012,jerry,32.0
2012,jimmy,10.0
2012,john,26.0
2012,johnny,14.0
2012,jonathan,52.0
2012,jordan,16.0
2012,joseph,29.0
2012,joshua,45.0
2012,julian,21.0
2012,jun,10.0
2012,justin,125.0
2012,kai,14.0
2012,kenneth,11.0
2012,kevin,96.0
2012,kingsley,28.0
2012,kingston,13.0
2012,krish,15.0
2012,kyle,65.0
2012,lawrence,13.0
2012,leo,43.0
2012,leon,14.0
2012,liam,45.0
2012,logan,25.0
2012,louis,17.0
2012,lucas,129.0
2012,luke,25.0
2012,marcus,37.0
2012,mason,62.0
2012,matthew,85.0
2012,max,33.0
2012,maxwell,16.0
2012,michael,37.0
2012,miles,18.0
2012,mohamed,12.0
2012,mohammad,58.0
2012,mohammed,36.0
2012,muhammad,112.0
2012,musa,13.0
2012,mustafa,12.0
2012,nathan,37.0
2012,nathaniel,24.0
2012,neil,10.0
2012,nelson,12.0
2012,nicholas,35.0
2012,nikhil,15.0
2012,noah,53.0
2012,oliver,27.0
2012,oscar,17.0
2012,owen,54.0
2012,patrick,16.0
2012,rayan,20.0
2012,raymond,32.0
2012,rayyan,12.0
2012,rehan,11.0
2012,richard,36.0
2012,ricky,12.0
2012,rohan,20.0
2012,roy,15.0
2012,ryan,197.0
2012,samuel,36.0
2012,sean,23.0
2012,sebastian,17.0
2012,shayaan,13.0
2012,shayan,10.0
2012,stanley,18.0
2012,steven,28.0
2012,subhan,10.0
2012,syed,28.0
2012,tenzin,30.0
2012,terrence,14.0
2012,theodore,12.0
2012,thomas,25.0
2012,timothy,16.0
2012,tristan,23.0
2012,tyler,40.0
2012,victor,22.0
2012,vihaan,10.0
2012,vincent,76.0
2012,wesley,18.0
2012,william,93.0
2012,wilson,15.0
2012,winston,12.0
2012,yusuf,15.0
2012,zachary,35.0
2012,zain,12.0
2012,zayan,10.0
2012,aaron,59.0
2012,abdoul,10.0
2012,abdoulaye,15.0
2012,abdul,15.0
2012,adam,20.0
2012,adonis,15.0
2012,adrian,24.0
2012,aidan,14.0
2012,aiden,156.0
2012,alex,12.0
2012,alexander,42.0
2012,ali,14.0
2012,alpha,14.0
2012,amadou,21.0
2012,amar'e,16.0
2012,amare,15.0
2012,amari,44.0
2012,amir,66.0
2012,andre,14.0
2012,andrew,50.0
2012,anthony,58.0
2012,antonio,11.0
2012,armani,10.0
2012,ashton,16.0
2012,austin,27.0
2012,avery,20.0
2012,ayden,70.0
2012,benjamin,24.0
2012,blake,24.0
2012,boubacar,10.0
2012,bradley,10.0
2012,brandon,50.0
2012,brian,12.0
2012,bryan,17.0
2012,bryce,32.0
2012,bryson,10.0
2012,caden,10.0
2012,caleb,41.0
2012,cameron,54.0
2012,camren,11.0
2012,carmelo,11.0
2012,carter,50.0
2012,cayden,19.0
2012,chad,11.0
2012,chance,25.0
2012,charles,18.0
2012,chase,56.0
2012,christian,104.0
2012,christopher,68.0
2012,connor,10.0
2012,damani,10.0
2012,daniel,67.0
2012,darius,14.0
2012,darren,13.0
2012,david,67.0
2012,derrick,11.0
2012,devin,18.0
2012,dominic,18.0
2012,dylan,58.0
2012,eli,34.0
2012,elias,10.0
2012,elijah,115.0
2012,emmanuel,33.0
2012,eric,22.0
2012,ethan,151.0
2012,evan,21.0
2012,gabriel,37.0
2012,gavin,19.0
2012,giovanni,12.0
2012,hunter,21.0
2012,ian,24.0
2012,ibrahim,28.0
2012,ibrahima,17.0
2012,isaac,17.0
2012,isaiah,95.0
2012,israel,11.0
2012,jace,20.0
2012,jacob,58.0
2012,jaden,50.0
2012,jahmir,12.0
2012,jaiden,29.0
2012,jalen,17.0
2012,jamari,16.0
2012,james,34.0
2012,jasiah,16.0
2012,jason,55.0
2012,jayden,171.0
2012,jaylen,29.0
2012,jeremiah,141.0
2012,jeremy,16.0
2012,jermaine,14.0
2012,joel,26.0
2012,john,17.0
2012,jonah,13.0
2012,jonathan,50.0
2012,jordan,60.0
2012,joseph,52.0
2012,joshua,124.0
2012,josiah,103.0
2012,judah,16.0
2012,julian,26.0
2012,justice,15.0
2012,justin,74.0
2012,kaden,16.0
2012,kai,14.0
2012,kaiden,32.0
2012,kaleb,18.0
2012,kamari,10.0
2012,kareem,14.0
2012,kayden,50.0
2012,keith,10.0
2012,kenneth,13.0
2012,kevin,31.0
2012,khalil,18.0
2012,king,45.0
2012,kiyan,15.0
2012,kristian,10.0
2012,kyle,44.0
2012,kymani,20.0
2012,leon,11.0
2012,levi,15.0
2012,liam,76.0
2012,logan,41.0
2012,lucas,15.0
2012,luke,18.0
2012,mahamadou,10.0
2012,makai,10.0
2012,makhi,11.0
2012,malachi,55.0
2012,malik,25.0
2012,mamadou,33.0
2012,marcus,29.0
2012,mason,103.0
2012,matthew,60.0
2012,maurice,13.0
2012,mekhi,21.0
2012,messiah,30.0
2012,micah,29.0
2012,michael,115.0
2012,miles,19.0
2012,mohamed,47.0
2012,mohammed,11.0
2012,moussa,12.0
2012,muhammad,17.0
2012,myles,15.0
2012,nasir,32.0
2012,nathan,48.0
2012,nathanael,13.0
2012,nathaniel,56.0
2012,nicholas,39.0
2012,noah,95.0
2012,noel,13.0
2012,omar,14.0
2012,omari,17.0
2012,oumar,17.0
2012,paul,13.0
2012,peyton,12.0
2012,preston,12.0
2012,prince,49.0
2012,richard,15.0
2012,riley,14.0
2012,robert,23.0
2012,ryan,71.0
2012,samir,12.0
2012,samuel,36.0
2012,sean,18.0
2012,sebastian,18.0
2012,shane,16.0
2012,shawn,21.0
2012,sincere,10.0
2012,steven,12.0
2012,terrell,10.0
2012,thomas,14.0
2012,timothy,10.0
2012,tristan,54.0
2012,troy,13.0
2012,tyler,90.0
2012,william,22.0
2012,xavier,41.0
2012,zachary,26.0
2012,zaire,23.0
2012,zion,43.0
2012,aaron,126.0
2012,abdiel,11.0
2012,abel,24.0
2012,abraham,19.0
2012,adam,48.0
2012,adan,11.0
2012,aden,11.0
2012,adonis,16.0
2012,adrian,164.0
2012,adriel,24.0
2012,aidan,25.0
2012,aiden,235.0
2012,alan,46.0
2012,albert,26.0
2012,alberto,14.0
2012,aldo,14.0
2012,alejandro,63.0
2012,alex,53.0
2012,alexander,200.0
2012,alexis,48.0
2012,allen,22.0
2012,alvin,12.0
2012,amir,15.0
2012,anderson,37.0
2012,andre,18.0
2012,andres,32.0
2012,andrew,112.0
2012,andy,51.0
2012,angel,236.0
2012,angelo,14.0
2012,anthony,194.0
2012,antonio,32.0
2012,ariel,18.0
2012,armando,10.0
2012,armani,17.0
2012,ashton,10.0
2012,austin,16.0
2012,avery,12.0
2012,axel,52.0
2012,ayden,67.0
2012,benjamin,62.0
2012,blake,12.0
2012,bradley,16.0
2012,brandon,153.0
2012,brayan,23.0
2012,brayden,15.0
2012,brian,38.0
2012,bruce,13.0
2012,bryan,93.0
2012,bryant,13.0
2012,bryce,11.0
2012,caleb,43.0
2012,cameron,18.0
2012,camilo,12.0
2012,carlos,103.0
2012,carmelo,10.0
2012,carter,14.0
2012,cesar,34.0
2012,charles,12.0
2012,charlie,13.0
2012,chase,21.0
2012,chris,32.0
2012,christian,139.0
2012,christopher,195.0
2012,cristian,38.0
2012,cristopher,15.0
2012,damian,44.0
2012,damien,11.0
2012,daniel,228.0
2012,danny,21.0
2012,dante,16.0
2012,dariel,29.0
2012,darwin,21.0
2012,david,176.0
2012,dean,10.0
2012,denzel,14.0
2012,derek,50.0
2012,devin,22.0
2012,diego,60.0
2012,dominic,28.0
2012,dominick,11.0
2012,donovan,12.0
2012,dylan,184.0
2012,eddy,12.0
2012,edgar,28.0
2012,eduardo,40.0
2012,edward,46.0
2012,edwin,53.0
2012,eli,48.0
2012,elian,22.0
2012,elias,74.0
2012,elijah,98.0
2012,elvin,10.0
2012,emanuel,31.0
2012,emiliano,10.0
2012,emilio,25.0
2012,emmanuel,83.0
2012,enrique,11.0
2012,eric,34.0
2012,erick,76.0
2012,erik,22.0
2012,esteban,17.0
2012,ethan,254.0
2012,evan,59.0
2012,ezekiel,10.0
2012,ezequiel,18.0
2012,fabian,17.0
2012,felix,18.0
2012,fernando,29.0
2012,francisco,20.0
2012,frank,13.0
2012,franklin,13.0
2012,freddy,12.0
2012,gabriel,132.0
2012,gael,68.0
2012,gavin,24.0
2012,george,19.0
2012,giovanni,40.0
2012,gregory,14.0
2012,gustavo,15.0
2012,hector,28.0
2012,henry,36.0
2012,hugo,14.0
2012,hunter,12.0
2012,ian,83.0
2012,iker,29.0
2012,isaac,94.0
2012,isaiah,79.0
2012,ismael,29.0
2012,israel,20.0
2012,ivan,42.0
2012,izaiah,11.0
2012,jace,35.0
2012,jack,28.0
2012,jackson,17.0
2012,jacob,293.0
2012,jaden,29.0
2012,jadiel,49.0
2012,jael,22.0
2012,jaiden,20.0
2012,jaime,17.0
2012,jake,38.0
2012,james,73.0
2012,jared,19.0
2012,jariel,22.0
2012,jason,91.0
2012,javier,31.0
2012,jay,15.0
2012,jayce,21.0
2012,jayden,364.0
2012,jaylen,10.0
2012,jayren,10.0
2012,jayson,28.0
2012,jean,33.0
2012,jefferson,13.0
2012,jeffrey,32.0
2012,jencarlos,10.0
2012,jeremiah,118.0
2012,jeremy,117.0
2012,jesus,79.0
2012,joaquin,15.0
2012,joel,65.0
2012,johan,36.0
2012,john,74.0
2012,johnny,24.0
2012,jonah,17.0
2012,jonas,10.0
2012,jonathan,159.0
2012,jordan,57.0
2012,jorge,37.0
2012,jose,139.0
2012,joseph,150.0
2012,joshua,177.0
2012,josiah,57.0
2012,josue,46.0
2012,juan,96.0
2012,julian,108.0
2012,julien,15.0
2012,julio,27.0
2012,julius,26.0
2012,justin,215.0
2012,kaiden,10.0
2012,kaleb,14.0
2012,kayden,40.0
2012,kelvin,24.0
2012,kenneth,35.0
2012,kenny,15.0
2012,kevin,180.0
2012,kyle,19.0
2012,landon,18.0
2012,leandro,15.0
2012,lenny,20.0
2012,leo,16.0
2012,leonardo,56.0
2012,leonel,10.0
2012,liam,140.0
2012,logan,65.0
2012,lorenzo,15.0
2012,louis,14.0
2012,luca,13.0
2012,lucas,120.0
2012,luis,128.0
2012,lukas,11.0
2012,luke,10.0
2012,manuel,44.0
2012,marco,29.0
2012,marcos,25.0
2012,marcus,21.0
2012,mario,18.0
2012,mark,15.0
2012,marlon,13.0
2012,martin,16.0
2012,marvin,14.0
2012,mason,188.0
2012,mateo,77.0
2012,mathew,22.0
2012,mathias,13.0
2012,matias,20.0
2012,matteo,11.0
2012,matthew,279.0
2012,mauricio,13.0
2012,max,39.0
2012,maximiliano,17.0
2012,maximus,26.0
2012,maxwell,18.0
2012,melvin,19.0
2012,michael,187.0
2012,miguel,93.0
2012,mike,12.0
2012,moises,13.0
2012,nathan,76.0
2012,nathaniel,64.0
2012,nelson,15.0
2012,neymar,14.0
2012,nicholas,89.0
2012,nicolas,61.0
2012,noah,162.0
2012,noel,23.0
2012,oliver,43.0
2012,omar,25.0
2012,oscar,38.0
2012,pablo,16.0
2012,paul,12.0
2012,pedro,19.0
2012,peter,13.0
2012,preston,14.0
2012,prince,22.0
2012,rafael,33.0
2012,randy,44.0
2012,raul,15.0
2012,raymond,28.0
2012,ricardo,28.0
2012,richard,41.0
2012,riley,13.0
2012,robert,25.0
2012,roberto,18.0
2012,rodrigo,12.0
2012,roman,10.0
2012,romeo,15.0
2012,ronald,13.0
2012,ruben,12.0
2012,ryan,126.0
2012,samuel,83.0
2012,santiago,57.0
2012,saul,12.0
2012,sean,19.0
2012,sebastian,198.0
2012,sergio,12.0
2012,skyler,11.0
2012,stephen,13.0
2012,steve,13.0
2012,steven,70.0
2012,thomas,20.0
2012,tristan,32.0
2012,tyler,73.0
2012,uriel,13.0
2012,victor,56.0
2012,vincent,14.0
2012,wesley,12.0
2012,william,73.0
2012,wilson,11.0
2012,xavier,90.0
2012,yadiel,26.0
2012,yael,15.0
2012,yahir,19.0
2012,yandel,18.0
2012,yariel,10.0
2012,zachary,23.0
2012,zayden,13.0
2012,zion,18.0
2012,aaron,95.0
2012,abraham,132.0
2012,adam,140.0
2012,adrian,41.0
2012,ahmad,15.0
2012,ahmed,34.0
2012,ahron,11.0
2012,aidan,36.0
2012,aiden,73.0
2012,akiva,20.0
2012,alan,27.0
2012,albert,21.0
2012,aleksander,10.0
2012,alex,23.0
2012,alexander,227.0
2012,ali,43.0
2012,alter,15.0
2012,amir,25.0
2012,anderson,11.0
2012,andrew,121.0
2012,angelo,19.0
2012,anthony,133.0
2012,antonio,25.0
2012,archer,11.0
2012,ari,40.0
2012,ariel,20.0
2012,aron,70.0
2012,arthur,29.0
2012,aryeh,27.0
2012,asher,59.0
2012,atticus,10.0
2012,august,31.0
2012,austin,19.0
2012,avery,12.0
2012,avraham,45.0
2012,avrohom,29.0
2012,avrum,18.0
2012,ayden,19.0
2012,baruch,18.0
2012,beckett,11.0
2012,ben,18.0
2012,benjamin,218.0
2012,bennett,10.0
2012,bentzion,12.0
2012,benzion,13.0
2012,binyomin,11.0
2012,blake,24.0
2012,boruch,11.0
2012,bradley,12.0
2012,brady,22.0
2012,brandon,45.0
2012,brayden,22.0
2012,brendan,24.0
2012,brian,20.0
2012,brody,15.0
2012,caleb,35.0
2012,calvin,11.0
2012,cameron,21.0
2012,carter,19.0
2012,chaim,169.0
2012,charles,139.0
2012,charlie,29.0
2012,chase,33.0
2012,cheskel,10.0
2012,chesky,16.0
2012,chris,14.0
2012,christian,73.0
2012,christopher,74.0
2012,cole,20.0
2012,colin,45.0
2012,connor,44.0
2012,cooper,35.0
2012,damian,15.0
2012,daniel,232.0
2012,david,289.0
2012,dean,25.0
2012,declan,38.0
2012,devin,10.0
2012,dominic,28.0
2012,dominick,20.0
2012,dov,32.0
2012,dovid,26.0
2012,drew,15.0
2012,dylan,124.0
2012,edward,35.0
2012,efraim,19.0
2012,eitan,21.0
2012,elan,12.0
2012,eli,99.0
2012,elias,34.0
2012,eliezer,29.0
2012,elijah,29.0
2012,elimelech,18.0
2012,eliyahu,29.0
2012,elliot,29.0
2012,elliott,10.0
2012,ellis,11.0
2012,eluzer,11.0
2012,emmett,13.0
2012,ephraim,15.0
2012,eric,35.0
2012,erik,10.0
2012,ethan,131.0
2012,evan,68.0
2012,everett,15.0
2012,ezra,53.0
2012,ezriel,10.0
2012,felix,21.0
2012,filip,15.0
2012,finn,26.0
2012,francesco,12.0
2012,frank,33.0
2012,frederick,10.0
2012,gabriel,106.0
2012,gavin,48.0
2012,gavriel,20.0
2012,george,75.0
2012,giovanni,21.0
2012,graham,21.0
2012,grant,15.0
2012,grayson,24.0
2012,gregory,13.0
2012,griffin,19.0
2012,hamza,14.0
2012,harrison,30.0
2012,harry,13.0
2012,harvey,10.0
2012,hayden,10.0
2012,henry,162.0
2012,hersh,14.0
2012,hershel,21.0
2012,hershy,25.0
2012,hudson,60.0
2012,hugo,15.0
2012,hunter,31.0
2012,ian,31.0
2012,ibrahim,18.0
2012,ilan,17.0
2012,isaac,116.0
2012,isaiah,10.0
2012,israel,30.0
2012,issac,10.0
2012,ivan,16.0
2012,jace,10.0
2012,jack,180.0
2012,jackson,85.0
2012,jacob,242.0
2012,jad,10.0
2012,jake,58.0
2012,james,187.0
2012,jason,36.0
2012,jasper,27.0
2012,jaxon,12.0
2012,jayden,30.0
2012,jeremy,18.0
2012,jesse,19.0
2012,joel,28.0
2012,john,164.0
2012,jonah,60.0
2012,jonathan,73.0
2012,jordan,25.0
2012,joseph,300.0
2012,joshua,79.0
2012,judah,21.0
2012,jude,22.0
2012,julian,70.0
2012,julien,10.0
2012,justin,48.0
2012,kai,18.0
2012,kevin,38.0
2012,kieran,15.0
2012,kyle,15.0
2012,landon,17.0
2012,lazer,14.0
2012,leo,103.0
2012,leon,30.0
2012,leonardo,33.0
2012,levi,58.0
2012,liam,132.0
2012,lipa,26.0
2012,logan,68.0
2012,lorenzo,21.0
2012,louis,24.0
2012,luca,71.0
2012,lucas,124.0
2012,luka,23.0
2012,lukas,25.0
2012,luke,101.0
2012,maksim,10.0
2012,malik,12.0
2012,marc,13.0
2012,marco,30.0
2012,marcus,11.0
2012,mark,47.0
2012,martin,33.0
2012,mason,100.0
2012,mateo,17.0
2012,matteo,28.0
2012,matthew,168.0
2012,max,106.0
2012,maxim,24.0
2012,maximilian,30.0
2012,maximus,14.0
2012,maxwell,54.0
2012,mayer,23.0
2012,meir,50.0
2012,menachem,76.0
2012,mendel,50.0
2012,mendy,24.0
2012,meyer,10.0
2012,micah,23.0
2012,michael,245.0
2012,miles,53.0
2012,milo,20.0
2012,mohamed,35.0
2012,mohammad,11.0
2012,mohammed,19.0
2012,moishe,22.0
2012,mordechai,91.0
2012,moses,18.0
2012,moshe,238.0
2012,muhammad,13.0
2012,myles,13.0
2012,nachman,17.0
2012,naftali,24.0
2012,nathan,76.0
2012,nathaniel,59.0
2012,nicholas,168.0
2012,nico,12.0
2012,nicolas,29.0
2012,nikita,11.0
2012,nikolas,10.0
2012,noah,131.0
2012,noam,14.0
2012,nolan,18.0
2012,nosson,13.0
2012,oliver,112.0
2012,omar,46.0
2012,oscar,27.0
2012,owen,69.0
2012,parker,22.0
2012,patrick,32.0
2012,paul,28.0
2012,peter,46.0
2012,philip,23.0
2012,pinchas,13.0
2012,pinchus,13.0
2012,preston,13.0
2012,quinn,12.0
2012,rafael,36.0
2012,raphael,18.0
2012,rayan,16.0
2012,raymond,20.0
2012,reed,11.0
2012,reid,14.0
2012,reuven,14.0
2012,richard,29.0
2012,robert,78.0
2012,rocco,18.0
2012,roman,16.0
2012,ronan,12.0
2012,rory,15.0
2012,rowan,12.0
2012,ryan,165.0
2012,salvatore,25.0
2012,sam,29.0
2012,sami,10.0
2012,samir,10.0
2012,samuel,198.0
2012,sean,41.0
2012,sebastian,74.0
2012,shalom,13.0
2012,shane,24.0
2012,shaya,26.0
2012,shea,11.0
2012,shia,25.0
2012,shimon,93.0
2012,shloime,12.0
2012,shloimy,16.0
2012,shloma,11.0
2012,shlome,19.0
2012,shlomo,53.0
2012,shmiel,23.0
2012,shmuel,49.0
2012,shneur,10.0
2012,sholom,12.0
2012,shulem,36.0
2012,silas,12.0
2012,simcha,35.0
2012,simon,55.0
2012,solomon,36.0
2012,spencer,18.0
2012,stephen,14.0
2012,steven,31.0
2012,theo,12.0
2012,theodore,85.0
2012,thomas,126.0
2012,timothy,24.0
2012,tomas,10.0
2012,tristan,29.0
2012,tyler,51.0
2012,tzvi,39.0
2012,usher,27.0
2012,victor,31.0
2012,vincent,41.0
2012,wesley,12.0
2012,william,162.0
2012,wyatt,22.0
2012,xavier,15.0
2012,yaakov,49.0
2012,yakov,61.0
2012,yechezkel,13.0
2012,yechiel,28.0
2012,yehoshua,22.0
2012,yehuda,82.0
2012,yisrael,11.0
2012,yisroel,83.0
2012,yitzchak,14.0
2012,yitzchok,68.0
2012,yoel,23.0
2012,yona,10.0
2012,yosef,116.0
2012,yossi,11.0
2012,yousef,13.0
2012,youssef,11.0
2012,yusuf,14.0
2012,zachary,103.0
2012,zain,10.0
2012,zalmen,12.0
2012,zev,48.0
2013,abby,15.0
2013,abigail,34.0
2013,ada,10.0
2013,aisha,18.0
2013,aleena,26.0
2013,alexandra,11.0
2013,alice,35.0
2013,alina,32.0
2013,allison,12.0
2013,alyssa,27.0
2013,amanda,11.0
2013,amber,22.0
2013,amelia,32.0
2013,amy,19.0
2013,ananya,10.0
2013,anaya,16.0
2013,angel,18.0
2013,angela,56.0
2013,angelina,28.0
2013,anika,13.0
2013,anna,35.0
2013,annabelle,10.0
2013,annie,18.0
2013,annika,10.0
2013,anya,15.0
2013,aria,25.0
2013,ariana,27.0
2013,arianna,16.0
2013,ariel,19.0
2013,arya,26.0
2013,ashley,47.0
2013,athena,10.0
2013,audrey,31.0
2013,ava,47.0
2013,avery,19.0
2013,ayesha,20.0
2013,bella,24.0
2013,carina,11.0
2013,caroline,19.0
2013,catherine,23.0
2013,cecilia,12.0
2013,celine,17.0
2013,charlotte,21.0
2013,chelsea,14.0
2013,chloe,122.0
2013,christina,14.0
2013,christine,15.0
2013,cindy,19.0
2013,claire,33.0
2013,connie,10.0
2013,crystal,15.0
2013,cynthia,18.0
2013,daphne,14.0
2013,eileen,18.0
2013,elaine,17.0
2013,elena,13.0
2013,elina,12.0
2013,elise,11.0
2013,elizabeth,24.0
2013,ella,31.0
2013,ellie,18.0
2013,emaan,10.0
2013,emily,92.0
2013,emma,79.0
2013,erin,16.0
2013,eunice,10.0
2013,eva,28.0
2013,evelyn,36.0
2013,fatima,26.0
2013,fiona,37.0
2013,grace,51.0
2013,hailey,35.0
2013,hana,11.0
2013,hannah,46.0
2013,helen,13.0
2013,inaaya,13.0
2013,irene,21.0
2013,iris,27.0
2013,isabel,13.0
2013,isabella,71.0
2013,isabelle,15.0
2013,ivy,34.0
2013,jamie,11.0
2013,jannat,11.0
2013,jasmine,19.0
2013,jenna,14.0
2013,jennifer,16.0
2013,jenny,22.0
2013,jessica,23.0
2013,jessie,10.0
2013,joanna,32.0
2013,jocelyn,19.0
2013,josephine,13.0
2013,joy,28.0
2013,joyce,14.0
2013,julia,15.0
2013,kaitlyn,23.0
2013,karen,12.0
2013,karina,11.0
2013,kate,12.0
2013,katelyn,12.0
2013,katherine,30.0
2013,kayla,25.0
2013,kaylee,19.0
2013,keira,13.0
2013,kelly,16.0
2013,kimberly,21.0
2013,lauren,13.0
2013,layla,10.0
2013,leah,21.0
2013,leela,10.0
2013,leila,10.0
2013,lena,10.0
2013,lillian,10.0
2013,lily,25.0
2013,linda,10.0
2013,madeline,11.0
2013,madelyn,14.0
2013,madison,29.0
2013,maggie,23.0
2013,manha,14.0
2013,maryam,21.0
2013,maya,23.0
2013,megan,14.0
2013,melody,19.0
2013,mia,55.0
2013,michelle,31.0
2013,miranda,13.0
2013,naomi,12.0
2013,natalie,25.0
2013,nicole,34.0
2013,nina,18.0
2013,olivia,109.0
2013,penelope,11.0
2013,queenie,12.0
2013,rachel,32.0
2013,raina,12.0
2013,rebecca,20.0
2013,riya,14.0
2013,sabrina,12.0
2013,samantha,21.0
2013,samara,11.0
2013,sara,23.0
2013,sarah,43.0
2013,sarina,11.0
2013,scarlett,13.0
2013,selena,15.0
2013,selina,22.0
2013,serena,14.0
2013,sharon,17.0
2013,shirley,15.0
2013,sofia,29.0
2013,sophia,124.0
2013,sophie,34.0
2013,stella,13.0
2013,stephanie,13.0
2013,summer,13.0
2013,sunny,10.0
2013,sydney,13.0
2013,syeda,11.0
2013,sylvia,11.0
2013,tenzin,31.0
2013,tiffany,23.0
2013,tina,13.0
2013,vanessa,10.0
2013,vicky,20.0
2013,victoria,36.0
2013,vivian,41.0
2013,winnie,26.0
2013,zahra,14.0
2013,zainab,24.0
2013,zara,22.0
2013,zoe,49.0
2013,zoey,24.0
2013,zoya,16.0
2013,aaliyah,73.0
2013,abigail,48.0
2013,abrielle,11.0
2013,adrianna,12.0
2013,aicha,13.0
2013,aisha,21.0
2013,aissata,10.0
2013,aissatou,14.0
2013,alana,16.0
2013,alexandra,11.0
2013,alexis,12.0
2013,aliyah,14.0
2013,alyssa,35.0
2013,amani,10.0
2013,amaya,22.0
2013,amber,16.0
2013,amelia,22.0
2013,amina,18.0
2013,aminata,30.0
2013,amira,14.0
2013,amirah,12.0
2013,amiyah,18.0
2013,anaya,19.0
2013,angel,13.0
2013,angelina,12.0
2013,aniya,15.0
2013,aniyah,28.0
2013,aria,14.0
2013,ariana,23.0
2013,arianna,48.0
2013,ariel,45.0
2013,arielle,27.0
2013,ashley,16.0
2013,asia,12.0
2013,aubrey,25.0
2013,autumn,21.0
2013,ava,70.0
2013,avery,12.0
2013,azaria,10.0
2013,bella,21.0
2013,bria,11.0
2013,brianna,24.0
2013,brielle,51.0
2013,brooke,24.0
2013,camille,13.0
2013,chelsea,26.0
2013,chloe,68.0
2013,christina,20.0
2013,dakota,13.0
2013,danielle,13.0
2013,destiny,28.0
2013,eden,15.0
2013,egypt,13.0
2013,elizabeth,23.0
2013,emani,12.0
2013,emily,33.0
2013,emma,25.0
2013,esther,10.0
2013,eva,13.0
2013,faith,45.0
2013,fatima,22.0
2013,fatoumata,44.0
2013,gabriella,31.0
2013,gabrielle,33.0
2013,genesis,17.0
2013,gianna,16.0
2013,giselle,11.0
2013,grace,32.0
2013,hailey,32.0
2013,hannah,21.0
2013,harmony,16.0
2013,hawa,19.0
2013,heaven,22.0
2013,imani,22.0
2013,isabella,47.0
2013,isabelle,13.0
2013,isis,11.0
2013,jada,31.0
2013,jade,28.0
2013,jaliyah,13.0
2013,janae,11.0
2013,janelle,11.0
2013,janiyah,14.0
2013,jasmine,33.0
2013,jayla,37.0
2013,jessica,10.0
2013,jordyn,17.0
2013,journey,12.0
2013,kadiatou,13.0
2013,kaitlyn,12.0
2013,kayla,56.0
2013,kaylee,37.0
2013,kaylin,16.0
2013,kennedy,27.0
2013,khloe,41.0
2013,kiara,13.0
2013,kimora,13.0
2013,kourtney,12.0
2013,kyla,10.0
2013,kylee,13.0
2013,kylie,29.0
2013,laila,38.0
2013,lauren,18.0
2013,layla,24.0
2013,leah,43.0
2013,leila,17.0
2013,lily,15.0
2013,london,76.0
2013,londyn,20.0
2013,lyric,14.0
2013,mackenzie,11.0
2013,madison,134.0
2013,madisyn,12.0
2013,makayla,45.0
2013,malia,28.0
2013,maliyah,16.0
2013,mariah,28.0
2013,mariam,32.0
2013,mariama,20.0
2013,maya,22.0
2013,mckenzie,17.0
2013,melanie,13.0
2013,melody,12.0
2013,mia,39.0
2013,michelle,19.0
2013,milan,28.0
2013,miracle,19.0
2013,morgan,27.0
2013,mya,22.0
2013,nadia,10.0
2013,nahla,12.0
2013,naomi,43.0
2013,nevaeh,48.0
2013,nia,34.0
2013,nyla,35.0
2013,nylah,26.0
2013,olivia,64.0
2013,oumou,27.0
2013,paige,27.0
2013,paris,20.0
2013,payton,17.0
2013,peyton,31.0
2013,phoenix,12.0
2013,precious,10.0
2013,princess,11.0
2013,riley,26.0
2013,saige,11.0
2013,samantha,16.0
2013,samara,10.0
2013,samiyah,12.0
2013,sanaa,14.0
2013,sanai,14.0
2013,saniyah,11.0
2013,sarah,34.0
2013,sarai,20.0
2013,sariah,13.0
2013,sasha,12.0
2013,savannah,31.0
2013,scarlett,11.0
2013,serenity,54.0
2013,shania,11.0
2013,skyla,23.0
2013,skylah,14.0
2013,skylar,42.0
2013,sofia,15.0
2013,sophia,24.0
2013,summer,21.0
2013,sydney,21.0
2013,talia,16.0
2013,tamia,14.0
2013,taylor,57.0
2013,tiana,10.0
2013,trinity,22.0
2013,victoria,39.0
2013,wynter,13.0
2013,zaniyah,12.0
2013,zara,10.0
2013,zariah,11.0
2013,zoe,45.0
2013,zoey,36.0
2013,zuri,16.0
2013,aaliyah,56.0
2013,abigail,95.0
2013,abril,10.0
2013,adriana,47.0
2013,adrianna,16.0
2013,aileen,16.0
2013,aimee,13.0
2013,alana,17.0
2013,alani,12.0
2013,alanis,11.0
2013,alanna,12.0
2013,alejandra,13.0
2013,alessandra,12.0
2013,alexa,57.0
2013,alexandra,30.0
2013,alexia,24.0
2013,alice,12.0
2013,alicia,19.0
2013,alina,19.0
2013,alison,18.0
2013,alisson,11.0
2013,aliyah,17.0
2013,allison,102.0
2013,allyson,18.0
2013,alma,10.0
2013,alondra,14.0
2013,alyssa,40.0
2013,amanda,36.0
2013,amaya,30.0
2013,amber,31.0
2013,amelia,33.0
2013,amy,82.0
2013,ana,27.0
2013,anabel,11.0
2013,anabella,14.0
2013,analia,12.0
2013,anaya,11.0
2013,andrea,43.0
2013,angela,21.0
2013,angelica,17.0
2013,angelina,55.0
2013,angelique,15.0
2013,angie,22.0
2013,annabella,18.0
2013,annabelle,14.0
2013,april,12.0
2013,aria,22.0
2013,ariana,80.0
2013,arianna,76.0
2013,arianny,15.0
2013,ariel,19.0
2013,ariella,10.0
2013,arielle,11.0
2013,ashley,132.0
2013,athena,17.0
2013,aubree,13.0
2013,aubrey,33.0
2013,audrey,23.0
2013,aurora,11.0
2013,autumn,12.0
2013,ava,68.0
2013,avery,21.0
2013,ayleen,16.0
2013,aylin,29.0
2013,bella,59.0
2013,bianca,22.0
2013,brenda,11.0
2013,briana,21.0
2013,brianna,99.0
2013,brielle,11.0
2013,britney,14.0
2013,brittany,29.0
2013,bryanna,15.0
2013,camila,157.0
2013,camilla,10.0
2013,carla,14.0
2013,carmen,10.0
2013,caroline,17.0
2013,cataleya,11.0
2013,catalina,13.0
2013,catherine,10.0
2013,charlotte,29.0
2013,chelsea,31.0
2013,chloe,54.0
2013,crystal,21.0
2013,daisy,23.0
2013,daniela,52.0
2013,daniella,20.0
2013,danna,36.0
2013,dayana,13.0
2013,delilah,44.0
2013,destiny,20.0
2013,diana,31.0
2013,dulce,16.0
2013,eileen,10.0
2013,elena,22.0
2013,eliana,52.0
2013,elisa,11.0
2013,eliza,10.0
2013,elizabeth,61.0
2013,ella,14.0
2013,emely,47.0
2013,emilia,13.0
2013,emily,184.0
2013,emma,182.0
2013,erika,11.0
2013,esmeralda,28.0
2013,esther,21.0
2013,eva,40.0
2013,evelyn,54.0
2013,faith,23.0
2013,fatima,11.0
2013,gabriela,49.0
2013,gabriella,80.0
2013,genesis,100.0
2013,gia,18.0
2013,gianna,44.0
2013,giselle,24.0
2013,grace,36.0
2013,guadalupe,26.0
2013,hailey,94.0
2013,haley,11.0
2013,hannah,31.0
2013,haylee,20.0
2013,heaven,10.0
2013,heidi,16.0
2013,heidy,13.0
2013,helen,14.0
2013,iris,12.0
2013,isabel,37.0
2013,isabela,10.0
2013,isabella,326.0
2013,isabelle,16.0
2013,isis,13.0
2013,itzel,15.0
2013,izabella,21.0
2013,jacqueline,20.0
2013,jade,44.0
2013,jaliyah,10.0
2013,janelle,13.0
2013,jasmine,32.0
2013,jayda,10.0
2013,jayla,21.0
2013,jaylah,24.0
2013,jaylee,12.0
2013,jayleen,35.0
2013,jaylene,18.0
2013,jaylin,19.0
2013,jazlyn,20.0
2013,jazmin,26.0
2013,jazmine,13.0
2013,jennifer,37.0
2013,jessica,24.0
2013,jimena,17.0
2013,jocelyn,37.0
2013,johanna,14.0
2013,joselyn,18.0
2013,julia,23.0
2013,juliana,27.0
2013,julianna,17.0
2013,juliet,21.0
2013,juliette,17.0
2013,julissa,19.0
2013,kailey,18.0
2013,kailyn,11.0
2013,kaitlyn,29.0
2013,kamila,22.0
2013,karen,25.0
2013,karina,15.0
2013,karla,25.0
2013,kate,11.0
2013,katelyn,19.0
2013,katelynn,12.0
2013,katherine,34.0
2013,katie,25.0
2013,kayla,42.0
2013,kaylee,81.0
2013,kayleen,17.0
2013,kaylie,12.0
2013,kaylin,11.0
2013,kelly,23.0
2013,kelsey,15.0
2013,kendra,17.0
2013,keyla,12.0
2013,khloe,38.0
2013,kiara,49.0
2013,kimberly,69.0
2013,kylie,42.0
2013,laila,20.0
2013,laura,13.0
2013,lauren,18.0
2013,layla,55.0
2013,leah,124.0
2013,leanna,10.0
2013,leila,23.0
2013,leilani,27.0
2013,leslie,49.0
2013,lesly,19.0
2013,leyla,10.0
2013,lia,25.0
2013,liana,14.0
2013,liliana,29.0
2013,lily,16.0
2013,litzy,12.0
2013,lizbeth,25.0
2013,lola,11.0
2013,london,31.0
2013,lucia,15.0
2013,luna,37.0
2013,luz,12.0
2013,madeline,14.0
2013,madelyn,17.0
2013,madison,106.0
2013,maia,11.0
2013,maite,10.0
2013,makayla,19.0
2013,malia,10.0
2013,maria,49.0
2013,mariah,12.0
2013,mariana,14.0
2013,marilyn,20.0
2013,marjorie,14.0
2013,maya,33.0
2013,melanie,93.0
2013,melany,26.0
2013,melina,16.0
2013,melissa,42.0
2013,melody,28.0
2013,mia,237.0
2013,michelle,48.0
2013,mila,36.0
2013,milan,10.0
2013,miley,13.0
2013,miranda,16.0
2013,miriam,11.0
2013,mya,27.0
2013,naomi,35.0
2013,nashley,10.0
2013,natalia,32.0
2013,natalie,41.0
2013,natasha,15.0
2013,nathalie,20.0
2013,nathaly,16.0
2013,nayeli,13.0
2013,nevaeh,19.0
2013,nicole,92.0
2013,nina,10.0
2013,noemi,13.0
2013,nyah,10.0
2013,nyla,23.0
2013,nylah,17.0
2013,olivia,87.0
2013,paris,11.0
2013,paula,10.0
2013,penelope,49.0
2013,peyton,17.0
2013,rachel,10.0
2013,raquel,10.0
2013,rebecca,11.0
2013,rihanna,14.0
2013,riley,13.0
2013,rose,10.0
2013,ruby,11.0
2013,sabrina,16.0
2013,samantha,117.0
2013,sara,29.0
2013,sarah,44.0
2013,sarai,21.0
2013,savannah,46.0
2013,scarlet,21.0
2013,scarlett,77.0
2013,selena,10.0
2013,serenity,45.0
2013,shayla,11.0
2013,sherlyn,26.0
2013,shirley,15.0
2013,skylah,10.0
2013,skylar,15.0
2013,sofia,187.0
2013,sophia,291.0
2013,sophie,24.0
2013,stacy,10.0
2013,stella,11.0
2013,stephanie,51.0
2013,summer,11.0
2013,tatiana,11.0
2013,taylor,17.0
2013,tiffany,18.0
2013,trinity,10.0
2013,valentina,115.0
2013,valeria,38.0
2013,valerie,50.0
2013,valery,15.0
2013,vanessa,38.0
2013,victoria,113.0
2013,violet,21.0
2013,vivian,10.0
2013,wendy,20.0
2013,ximena,19.0
2013,yamileth,12.0
2013,yaretzi,37.0
2013,zara,11.0
2013,zoe,89.0
2013,zoey,39.0
2013,abigail,96.0
2013,ada,11.0
2013,addison,26.0
2013,adelaide,12.0
2013,adele,21.0
2013,adeline,12.0
2013,adina,17.0
2013,adriana,20.0
2013,adrianna,11.0
2013,ahuva,18.0
2013,aisha,11.0
2013,aleksandra,11.0
2013,alessandra,14.0
2013,alessia,12.0
2013,alexa,53.0
2013,alexandra,98.0
2013,alexia,10.0
2013,alexis,25.0
2013,alice,55.0
2013,alina,15.0
2013,alisa,11.0
2013,aliza,18.0
2013,allison,12.0
2013,alma,10.0
2013,alyssa,19.0
2013,amalia,12.0
2013,amanda,13.0
2013,amelia,64.0
2013,amelie,15.0
2013,amina,15.0
2013,amira,17.0
2013,amy,14.0
2013,ana,13.0
2013,anastasia,33.0
2013,angelina,43.0
2013,anisa,13.0
2013,anna,98.0
2013,annabel,15.0
2013,annabelle,27.0
2013,anne,11.0
2013,antonia,11.0
2013,aria,35.0
2013,ariana,34.0
2013,arianna,33.0
2013,ariella,35.0
2013,ashley,13.0
2013,athena,11.0
2013,aubrey,14.0
2013,audrey,35.0
2013,aurora,10.0
2013,ava,150.0
2013,avery,55.0
2013,avigail,10.0
2013,aviva,12.0
2013,baila,53.0
2013,basya,12.0
2013,batsheva,30.0
2013,beatrice,20.0
2013,beatrix,16.0
2013,bella,32.0
2013,blima,25.0
2013,blimy,34.0
2013,bracha,19.0
2013,breindy,15.0
2013,brianna,11.0
2013,bridget,12.0
2013,brielle,14.0
2013,brooke,20.0
2013,bruchy,11.0
2013,caitlin,11.0
2013,camilla,10.0
2013,camille,12.0
2013,caroline,41.0
2013,cassidy,10.0
2013,catherine,49.0
2013,cecilia,22.0
2013,celine,10.0
2013,chana,150.0
2013,chany,32.0
2013,charlotte,137.0
2013,chava,36.0
2013,chavy,10.0
2013,chaya,175.0
2013,chiara,10.0
2013,chloe,95.0
2013,christina,10.0
2013,claire,33.0
2013,clara,30.0
2013,claudia,16.0
2013,clementine,10.0
2013,colette,16.0
2013,cora,22.0
2013,dahlia,13.0
2013,daisy,10.0
2013,daniella,38.0
2013,danielle,22.0
2013,daphne,17.0
2013,devora,21.0
2013,devorah,53.0
2013,diana,19.0
2013,dina,36.0
2013,dylan,12.0
2013,eden,15.0
2013,edith,12.0
2013,eleanor,46.0
2013,elena,29.0
2013,eliana,57.0
2013,elise,13.0
2013,elisheva,17.0
2013,eliza,32.0
2013,elizabeth,91.0
2013,ella,127.0
2013,ellie,20.0
2013,eloise,28.0
2013,elsa,11.0
2013,emerson,15.0
2013,emilia,38.0
2013,emily,115.0
2013,emma,228.0
2013,emmeline,11.0
2013,ester,10.0
2013,esther,214.0
2013,esty,29.0
2013,etty,20.0
2013,eva,57.0
2013,eve,20.0
2013,evelyn,56.0
2013,faiga,26.0
2013,faigy,71.0
2013,farah,11.0
2013,fatima,10.0
2013,fiona,51.0
2013,fradel,13.0
2013,fraidy,32.0
2013,frances,12.0
2013,francesca,27.0
2013,freya,10.0
2013,frimet,13.0
2013,gabriela,17.0
2013,gabriella,73.0
2013,gabrielle,18.0
2013,gemma,18.0
2013,genevieve,14.0
2013,georgia,23.0
2013,gia,21.0
2013,gianna,57.0
2013,giselle,11.0
2013,gittel,13.0
2013,gitty,74.0
2013,giuliana,35.0
2013,golda,12.0
2013,goldy,32.0
2013,grace,65.0
2013,hadassah,13.0
2013,hadley,14.0
2013,hailey,23.0
2013,hana,19.0
2013,hanna,21.0
2013,hannah,102.0
2013,harper,48.0
2013,hazel,20.0
2013,helena,18.0
2013,henny,26.0
2013,hinda,10.0
2013,hindy,41.0
2013,idy,13.0
2013,ilana,12.0
2013,iris,16.0
2013,isabel,27.0
2013,isabella,143.0
2013,isabelle,21.0
2013,isla,28.0
2013,ivy,16.0
2013,jacqueline,16.0
2013,jana,16.0
2013,jane,27.0
2013,jasmina,10.0
2013,jasmine,13.0
2013,jenna,20.0
2013,jessica,17.0
2013,jordan,10.0
2013,jordyn,10.0
2013,josephine,35.0
2013,joyce,17.0
2013,judy,15.0
2013,julia,90.0
2013,juliana,27.0
2013,julianna,21.0
2013,julie,11.0
2013,juliet,32.0
2013,juliette,31.0
2013,june,13.0
2013,kaitlyn,18.0
2013,kate,17.0
2013,katerina,10.0
2013,katherine,45.0
2013,kayla,35.0
2013,kaylee,12.0
2013,keira,22.0
2013,kira,12.0
2013,kylie,16.0
2013,laila,18.0
2013,lara,10.0
2013,laura,13.0
2013,lauren,22.0
2013,layan,11.0
2013,layla,41.0
2013,lea,23.0
2013,leah,179.0
2013,leila,35.0
2013,lena,24.0
2013,leona,12.0
2013,leora,11.0
2013,leyla,11.0
2013,lia,28.0
2013,liana,18.0
2013,liba,13.0
2013,libby,34.0
2013,lila,27.0
2013,liliana,21.0
2013,lillian,46.0
2013,lilly,12.0
2013,lily,83.0
2013,lina,13.0
2013,liv,19.0
2013,livia,14.0
2013,lola,20.0
2013,louisa,14.0
2013,louise,13.0
2013,lucia,19.0
2013,luciana,11.0
2013,lucille,14.0
2013,lucy,51.0
2013,luna,16.0
2013,lydia,10.0
2013,lyla,18.0
2013,mackenzie,21.0
2013,madeleine,41.0
2013,madeline,56.0
2013,madelyn,20.0
2013,madison,78.0
2013,mae,11.0
2013,maeve,24.0
2013,malak,23.0
2013,malka,72.0
2013,malky,65.0
2013,margaret,25.0
2013,margaux,12.0
2013,margot,16.0
2013,maria,51.0
2013,mariam,31.0
2013,mary,22.0
2013,maryam,11.0
2013,matilda,18.0
2013,maya,122.0
2013,megan,12.0
2013,melanie,15.0
2013,mia,134.0
2013,michal,10.0
2013,michelle,30.0
2013,mikayla,14.0
2013,mila,57.0
2013,milana,19.0
2013,mina,13.0
2013,mindy,24.0
2013,mira,13.0
2013,mirel,18.0
2013,miri,12.0
2013,miriam,160.0
2013,molly,41.0
2013,morgan,16.0
2013,mushka,12.0
2013,nadia,12.0
2013,naomi,41.0
2013,natalia,28.0
2013,natalie,41.0
2013,nechama,29.0
2013,nicole,45.0
2013,nina,42.0
2013,noa,21.0
2013,nora,53.0
2013,norah,15.0
2013,olive,19.0
2013,olivia,233.0
2013,paige,17.0
2013,pearl,31.0
2013,penelope,59.0
2013,perl,13.0
2013,pessy,29.0
2013,peyton,17.0
2013,phoebe,24.0
2013,piper,17.0
2013,poppy,11.0
2013,quinn,20.0
2013,rachel,176.0
2013,raizel,15.0
2013,raizy,65.0
2013,reagan,15.0
2013,rebecca,44.0
2013,reese,18.0
2013,renee,10.0
2013,rifky,12.0
2013,riley,41.0
2013,rivka,120.0
2013,rivky,60.0
2013,rochel,39.0
2013,roiza,10.0
2013,romy,10.0
2013,rose,45.0
2013,ruby,40.0
2013,ruchy,14.0
2013,sabina,11.0
2013,sabrina,24.0
2013,sadie,57.0
2013,sage,10.0
2013,salma,14.0
2013,samantha,54.0
2013,sara,131.0
2013,sarah,182.0
2013,sasha,14.0
2013,savannah,18.0
2013,scarlett,48.0
2013,serena,12.0
2013,shaina,24.0
2013,shaindel,13.0
2013,shaindy,58.0
2013,shifra,17.0
2013,shira,20.0
2013,shoshana,13.0
2013,siena,13.0
2013,sienna,47.0
2013,sima,12.0
2013,simone,20.0
2013,skylar,21.0
2013,sloane,24.0
2013,sofia,122.0
2013,sophia,187.0
2013,sophie,71.0
2013,stella,64.0
2013,summer,11.0
2013,suri,13.0
2013,sury,27.0
2013,sydney,34.0
2013,sylvia,10.0
2013,talia,41.0
2013,tamar,10.0
2013,taylor,24.0
2013,tessa,12.0
2013,toby,51.0
2013,tova,15.0
2013,trany,10.0
2013,tzipora,16.0
2013,valentina,34.0
2013,valerie,22.0
2013,vanessa,15.0
2013,veronica,20.0
2013,victoria,100.0
2013,violet,58.0
2013,vivian,46.0
2013,vivienne,36.0
2013,willa,18.0
2013,yael,15.0
2013,yasmin,14.0
2013,yehudis,20.0
2013,yides,19.0
2013,yitty,40.0
2013,yocheved,28.0
2013,zelda,11.0
2013,zissy,20.0
2013,zoe,84.0
2013,zoey,24.0
2013,aarav,17.0
2013,aaron,66.0
2013,aayan,13.0
2013,abdul,20.0
2013,abdullah,18.0
2013,adam,36.0
2013,aditya,13.0
2013,adrian,23.0
2013,adyan,13.0
2013,ahmed,18.0
2013,ahnaf,11.0
2013,aidan,25.0
2013,aiden,113.0
2013,alan,24.0
2013,albert,22.0
2013,alex,45.0
2013,alexander,59.0
2013,ali,22.0
2013,allen,24.0
2013,alvin,38.0
2013,andrew,44.0
2013,andy,36.0
2013,anson,22.0
2013,anthony,36.0
2013,arjun,20.0
2013,aryan,24.0
2013,asher,10.0
2013,austin,53.0
2013,avery,11.0
2013,ayaan,45.0
2013,ayan,25.0
2013,ayden,16.0
2013,benjamin,30.0
2013,benson,12.0
2013,bowen,10.0
2013,brandon,35.0
2013,brayden,12.0
2013,brendan,10.0
2013,brian,49.0
2013,bryan,24.0
2013,caleb,31.0
2013,calvin,14.0
2013,carson,10.0
2013,carter,11.0
2013,charles,24.0
2013,chris,11.0
2013,christian,18.0
2013,christopher,29.0
2013,colin,11.0
2013,connor,23.0
2013,damon,10.0
2013,daniel,108.0
2013,danny,15.0
2013,darren,27.0
2013,david,42.0
2013,derek,24.0
2013,devin,10.0
2013,dylan,45.0
2013,eason,32.0
2013,eddie,12.0
2013,eden,10.0
2013,edward,14.0
2013,edwin,13.0
2013,eli,11.0
2013,elijah,15.0
2013,elvis,11.0
2013,eric,88.0
2013,ethan,165.0
2013,evan,62.0
2013,farhan,11.0
2013,felix,23.0
2013,gabriel,17.0
2013,gavin,24.0
2013,george,14.0
2013,gordon,13.0
2013,harrison,18.0
2013,harry,11.0
2013,hayden,17.0
2013,henry,33.0
2013,hudson,15.0
2013,hunter,16.0
2013,ian,29.0
2013,ibrahim,25.0
2013,isaac,25.0
2013,ishaan,11.0
2013,ivan,45.0
2013,jack,21.0
2013,jackson,17.0
2013,jacob,66.0
2013,jaden,39.0
2013,jake,16.0
2013,james,48.0
2013,jason,81.0
2013,jasper,15.0
2013,jayden,220.0
2013,jeffrey,12.0
2013,jeremy,22.0
2013,jerry,18.0
2013,jimmy,12.0
2013,john,25.0
2013,johnny,12.0
2013,jonathan,41.0
2013,jordan,19.0
2013,joseph,23.0
2013,joshua,43.0
2013,julian,19.0
2013,justin,69.0
2013,kai,19.0
2013,kayden,12.0
2013,kevin,66.0
2013,kimi,12.0
2013,kingsley,23.0
2013,kyle,37.0
2013,lawrence,19.0
2013,leo,47.0
2013,leon,15.0
2013,liam,72.0
2013,logan,28.0
2013,louis,16.0
2013,lucas,148.0
2013,luke,26.0
2013,marcus,24.0
2013,martin,10.0
2013,mason,55.0
2013,matthew,68.0
2013,max,27.0
2013,maximilian,10.0
2013,maxwell,14.0
2013,md,11.0
2013,michael,33.0
2013,miles,11.0
2013,mohammad,45.0
2013,mohammed,18.0
2013,muhammad,111.0
2013,nathan,48.0
2013,nathaniel,21.0
2013,nicholas,29.0
2013,noah,52.0
2013,nolan,10.0
2013,oliver,31.0
2013,oscar,37.0
2013,owen,54.0
2013,rayan,10.0
2013,raymond,18.0
2013,rehan,11.0
2013,richard,22.0
2013,ricky,13.0
2013,rohan,14.0
2013,roy,15.0
2013,ryan,162.0
2013,samuel,33.0
2013,sean,21.0
2013,sebastian,13.0
2013,shawn,13.0
2013,stanley,16.0
2013,steven,33.0
2013,syed,23.0
2013,tenzin,25.0
2013,theodore,17.0
2013,thomas,12.0
2013,timothy,17.0
2013,tony,15.0
2013,tristan,14.0
2013,tyler,37.0
2013,victor,13.0
2013,vihaan,17.0
2013,vincent,47.0
2013,wesley,14.0
2013,william,61.0
2013,wilson,18.0
2013,winston,16.0
2013,xavier,12.0
2013,zachary,21.0
2013,zain,13.0
2013,zayan,11.0
2013,aaron,36.0
2013,abdoulaye,18.0
2013,abraham,10.0
2013,adam,18.0
2013,aden,27.0
2013,adonis,11.0
2013,adrian,17.0
2013,aidan,31.0
2013,aiden,133.0
2013,alex,16.0
2013,alexander,34.0
2013,alpha,11.0
2013,amadou,16.0
2013,amar'e,12.0
2013,amare,15.0
2013,amari,33.0
2013,amir,102.0
2013,andre,15.0
2013,andrew,23.0
2013,anthony,48.0
2013,antonio,13.0
2013,ashton,23.0
2013,austin,28.0
2013,avery,19.0
2013,ayden,49.0
2013,benjamin,31.0
2013,blake,25.0
2013,boubacar,13.0
2013,bradley,13.0
2013,brandon,42.0
2013,brian,10.0
2013,bryce,34.0
2013,bryson,13.0
2013,caiden,18.0
2013,cairo,12.0
2013,caleb,57.0
2013,camden,11.0
2013,cameron,49.0
2013,camren,11.0
2013,carter,61.0
2013,cayden,23.0
2013,chance,23.0
2013,charles,20.0
2013,chase,54.0
2013,chris,12.0
2013,christian,79.0
2013,christopher,55.0
2013,connor,17.0
2013,corey,12.0
2013,daniel,60.0
2013,darius,12.0
2013,david,51.0
2013,derrick,10.0
2013,devin,12.0
2013,dominic,18.0
2013,dominick,10.0
2013,dylan,46.0
2013,eli,26.0
2013,elijah,132.0
2013,emmanuel,42.0
2013,eric,17.0
2013,ethan,146.0
2013,evan,21.0
2013,gabriel,43.0
2013,gavin,13.0
2013,giovanni,24.0
2013,gregory,10.0
2013,hayden,16.0
2013,hunter,20.0
2013,ian,22.0
2013,ibrahim,34.0
2013,ibrahima,16.0
2013,isaac,27.0
2013,isaiah,69.0
2013,isiah,11.0
2013,ismael,11.0
2013,israel,17.0
2013,jace,35.0
2013,jacob,74.0
2013,jaden,44.0
2013,jaiden,19.0
2013,jalen,14.0
2013,jamal,12.0
2013,jamari,10.0
2013,jamel,11.0
2013,james,32.0
2013,jasiah,15.0
2013,jason,35.0
2013,jayce,13.0
2013,jayceon,18.0
2013,jayden,138.0
2013,jaylen,25.0
2013,jaylin,10.0
2013,jeremiah,114.0
2013,jeremy,16.0
2013,joel,20.0
2013,john,16.0
2013,jonathan,39.0
2013,jordan,46.0
2013,joseph,40.0
2013,joshua,123.0
2013,josiah,99.0
2013,julian,27.0
2013,justice,22.0
2013,justin,72.0
2013,kaden,28.0
2013,kai,20.0
2013,kaiden,60.0
2013,kaleb,16.0
2013,kamari,12.0
2013,kameron,10.0
2013,kareem,15.0
2013,karter,17.0
2013,kayden,52.0
2013,kenneth,11.0
2013,kevin,35.0
2013,king,58.0
2013,kyle,20.0
2013,kyrie,21.0
2013,leon,13.0
2013,levi,19.0
2013,liam,94.0
2013,logan,52.0
2013,lucas,23.0
2013,luke,14.0
2013,major,10.0
2013,malachi,41.0
2013,malcolm,13.0
2013,malik,23.0
2013,mamadou,31.0
2013,marcus,18.0
2013,mason,101.0
2013,matthew,56.0
2013,maxwell,11.0
2013,mekhi,17.0
2013,messiah,43.0
2013,micah,33.0
2013,michael,85.0
2013,mohamed,39.0
2013,mouhamed,10.0
2013,moussa,19.0
2013,muhammad,14.0
2013,musa,10.0
2013,myles,11.0
2013,nasir,27.0
2013,nathan,53.0
2013,nathaniel,45.0
2013,nazir,10.0
2013,nehemiah,11.0
2013,nicholas,30.0
2013,noah,133.0
2013,noel,16.0
2013,nolan,13.0
2013,omar,19.0
2013,oumar,18.0
2013,ousmane,13.0
2013,owen,10.0
2013,patrick,10.0
2013,paul,14.0
2013,peyton,16.0
2013,preston,22.0
2013,prince,43.0
2013,richard,19.0
2013,riley,15.0
2013,robert,18.0
2013,ryan,54.0
2013,samir,11.0
2013,samuel,48.0
2013,sean,12.0
2013,sebastian,21.0
2013,shane,16.0
2013,shawn,14.0
2013,sincere,17.0
2013,skyler,10.0
2013,stephen,12.0
2013,taylor,11.0
2013,timothy,10.0
2013,travis,13.0
2013,tristan,54.0
2013,tyler,90.0
2013,william,36.0
2013,xavier,53.0
2013,zachariah,10.0
2013,zachary,23.0
2013,zaire,27.0
2013,zayden,13.0
2013,zion,53.0
2013,aaron,122.0
2013,abel,26.0
2013,abraham,23.0
2013,adam,53.0
2013,adan,10.0
2013,aden,11.0
2013,adonis,15.0
2013,adrian,135.0
2013,adriel,26.0
2013,aidan,32.0
2013,aiden,182.0
2013,alan,63.0
2013,albert,20.0
2013,alberto,13.0
2013,alejandro,71.0
2013,alex,52.0
2013,alexander,225.0
2013,alexis,42.0
2013,alfredo,12.0
2013,allan,11.0
2013,alonso,10.0
2013,amir,24.0
2013,anderson,36.0
2013,andre,13.0
2013,andres,29.0
2013,andrew,78.0
2013,andy,31.0
2013,angel,218.0
2013,angelo,20.0
2013,anthony,185.0
2013,antonio,29.0
2013,arian,11.0
2013,ariel,13.0
2013,armani,18.0
2013,ashton,12.0
2013,austin,38.0
2013,avery,13.0
2013,axel,55.0
2013,ayden,73.0
2013,benjamin,61.0
2013,blake,17.0
2013,bradley,21.0
2013,brandon,128.0
2013,brayan,22.0
2013,brayden,10.0
2013,brian,38.0
2013,bruce,12.0
2013,bryan,78.0
2013,bryant,12.0
2013,byron,21.0
2013,caleb,45.0
2013,cameron,19.0
2013,camilo,11.0
2013,carlos,83.0
2013,carmelo,14.0
2013,carter,17.0
2013,cayden,13.0
2013,cesar,29.0
2013,charlie,16.0
2013,chase,17.0
2013,chris,20.0
2013,christian,106.0
2013,christopher,171.0
2013,cristian,47.0
2013,cristopher,11.0
2013,damian,47.0
2013,damien,12.0
2013,daniel,226.0
2013,danny,19.0
2013,dante,13.0
2013,dariel,29.0
2013,darwin,21.0
2013,david,186.0
2013,dean,12.0
2013,denzel,14.0
2013,dereck,11.0
2013,derek,47.0
2013,devin,24.0
2013,diego,51.0
2013,dilan,15.0
2013,dominic,34.0
2013,dominick,17.0
2013,dylan,270.0
2013,edgar,21.0
2013,edison,15.0
2013,eduardo,22.0
2013,edward,51.0
2013,edwin,36.0
2013,eli,46.0
2013,eliam,10.0
2013,elian,21.0
2013,elias,72.0
2013,elijah,105.0
2013,emanuel,20.0
2013,emilio,22.0
2013,emmanuel,53.0
2013,eric,39.0
2013,erick,60.0
2013,ethan,252.0
2013,evan,61.0
2013,ezekiel,12.0
2013,ezequiel,11.0
2013,ezra,11.0
2013,fabian,12.0
2013,felipe,12.0
2013,felix,20.0
2013,fernando,37.0
2013,francisco,30.0
2013,frank,13.0
2013,gabriel,133.0
2013,gael,61.0
2013,gavin,27.0
2013,george,12.0
2013,gerard,10.0
2013,giovani,11.0
2013,giovanni,38.0
2013,giovanny,12.0
2013,grayson,10.0
2013,gregory,11.0
2013,gustavo,14.0
2013,hanley,10.0
2013,hector,25.0
2013,henry,34.0
2013,hunter,18.0
2013,ian,91.0
2013,iker,36.0
2013,isaac,87.0
2013,isaiah,63.0
2013,isaias,13.0
2013,ismael,25.0
2013,israel,18.0
2013,ivan,44.0
2013,jace,49.0
2013,jack,32.0
2013,jackson,17.0
2013,jacob,297.0
2013,jaden,61.0
2013,jadiel,38.0
2013,jael,23.0
2013,jahir,10.0
2013,jaiden,20.0
2013,jair,10.0
2013,jake,36.0
2013,james,79.0
2013,januel,10.0
2013,jared,25.0
2013,jariel,25.0
2013,jason,71.0
2013,javier,36.0
2013,jaxon,14.0
2013,jay,10.0
2013,jayce,23.0
2013,jaycob,14.0
2013,jayden,352.0
2013,jayson,18.0
2013,jean,14.0
2013,jefferson,13.0
2013,jeffrey,31.0
2013,jeremiah,94.0
2013,jeremias,12.0
2013,jeremy,124.0
2013,jesus,64.0
2013,jimmy,11.0
2013,joaquin,13.0
2013,joel,92.0
2013,johan,32.0
2013,john,62.0
2013,johnny,15.0
2013,jonas,15.0
2013,jonathan,126.0
2013,jordan,61.0
2013,jorge,39.0
2013,jose,124.0
2013,joseph,138.0
2013,joshua,145.0
2013,josiah,64.0
2013,josue,35.0
2013,juan,68.0
2013,julian,103.0
2013,julien,10.0
2013,julio,23.0
2013,julius,25.0
2013,junior,10.0
2013,justice,12.0
2013,justin,171.0
2013,kaiden,33.0
2013,kayden,44.0
2013,kelvin,17.0
2013,kendrick,20.0
2013,kenneth,29.0
2013,kenny,16.0
2013,kevin,139.0
2013,king,15.0
2013,kyle,14.0
2013,landon,18.0
2013,leandro,14.0
2013,lenny,14.0
2013,leo,17.0
2013,leonardo,51.0
2013,leonel,13.0
2013,levi,15.0
2013,liam,192.0
2013,lian,10.0
2013,logan,80.0
2013,lorenzo,20.0
2013,louis,15.0
2013,luca,18.0
2013,lucas,156.0
2013,luis,111.0
2013,luke,11.0
2013,maison,12.0
2013,manuel,32.0
2013,marco,26.0
2013,marcos,14.0
2013,marcus,18.0
2013,mario,16.0
2013,mark,13.0
2013,marlon,10.0
2013,martin,13.0
2013,marvin,10.0
2013,mason,199.0
2013,mateo,59.0
2013,mathew,17.0
2013,mathias,14.0
2013,matias,20.0
2013,matteo,14.0
2013,matthew,253.0
2013,mauricio,10.0
2013,max,35.0
2013,maximilian,12.0
2013,maximiliano,12.0
2013,maximo,10.0
2013,maximus,20.0
2013,maxwell,16.0
2013,mayson,11.0
2013,melvin,13.0
2013,michael,156.0
2013,miguel,85.0
2013,mike,18.0
2013,milan,14.0
2013,moises,18.0
2013,nathan,70.0
2013,nathaniel,51.0
2013,nelson,16.0
2013,neymar,16.0
2013,nicholas,98.0
2013,nicolas,63.0
2013,noah,217.0
2013,noel,27.0
2013,oliver,24.0
2013,omar,28.0
2013,oscar,37.0
2013,owen,14.0
2013,pablo,21.0
2013,patrick,16.0
2013,paul,12.0
2013,pedro,24.0
2013,peter,16.0
2013,preston,10.0
2013,prince,18.0
2013,rafael,33.0
2013,randy,36.0
2013,raul,22.0
2013,raymond,10.0
2013,ricardo,19.0
2013,richard,22.0
2013,riley,18.0
2013,robert,46.0
2013,roberto,15.0
2013,rodrigo,16.0
2013,romeo,10.0
2013,ryan,114.0
2013,samuel,66.0
2013,santiago,44.0
2013,sean,14.0
2013,sebastian,185.0
2013,sergio,17.0
2013,steven,75.0
2013,thiago,38.0
2013,thomas,13.0
2013,timothy,12.0
2013,tomas,18.0
2013,tristan,21.0
2013,tyler,39.0
2013,uriel,18.0
2013,valentino,12.0
2013,victor,48.0
2013,vincent,22.0
2013,wesley,11.0
2013,william,66.0
2013,wilson,10.0
2013,xander,12.0
2013,xavier,74.0
2013,yadiel,20.0
2013,yahir,21.0
2013,yariel,10.0
2013,zachary,25.0
2013,zion,10.0
2013,aaron,81.0
2013,abdullah,14.0
2013,abraham,141.0
2013,adam,151.0
2013,adrian,40.0
2013,aharon,19.0
2013,ahmad,10.0
2013,ahmed,29.0
2013,aidan,33.0
2013,aiden,67.0
2013,akiva,30.0
2013,alan,25.0
2013,alec,11.0
2013,alex,35.0
2013,alexander,206.0
2013,ali,37.0
2013,amir,31.0
2013,andrew,120.0
2013,angelo,20.0
2013,anthony,124.0
2013,anton,11.0
2013,antonio,29.0
2013,archer,13.0
2013,ari,31.0
2013,ariel,15.0
2013,aron,78.0
2013,arthur,33.0
2013,arye,12.0
2013,aryeh,25.0
2013,asher,51.0
2013,august,27.0
2013,austin,29.0
2013,avery,17.0
2013,avi,11.0
2013,avraham,48.0
2013,avrohom,31.0
2013,avrum,17.0
2013,axel,10.0
2013,baruch,15.0
2013,beckett,13.0
2013,ben,26.0
2013,benjamin,232.0
2013,bennett,14.0
2013,benzion,20.0
2013,binyomin,10.0
2013,blake,27.0
2013,boruch,13.0
2013,bradley,10.0
2013,brady,16.0
2013,brandon,36.0
2013,brayden,18.0
2013,brendan,19.0
2013,brian,22.0
2013,brody,22.0
2013,bryce,11.0
2013,caleb,31.0
2013,cameron,27.0
2013,carter,29.0
2013,chaim,150.0
2013,charles,136.0
2013,charlie,24.0
2013,chase,26.0
2013,cheskel,12.0
2013,chesky,13.0
2013,christian,50.0
2013,christopher,87.0
2013,cole,22.0
2013,colin,37.0
2013,colton,14.0
2013,connor,51.0
2013,conor,17.0
2013,cooper,25.0
2013,damian,12.0
2013,daniel,233.0
2013,dante,14.0
2013,david,304.0
2013,dean,23.0
2013,declan,40.0
2013,dennis,12.0
2013,desmond,19.0
2013,devin,11.0
2013,dominic,35.0
2013,dominick,14.0
2013,dov,27.0
2013,dovid,34.0
2013,duvid,10.0
2013,dylan,136.0
2013,edward,33.0
2013,efraim,18.0
2013,eitan,16.0
2013,elan,12.0
2013,eli,83.0
2013,elias,23.0
2013,eliezer,41.0
2013,elijah,35.0
2013,elimelech,18.0
2013,eliyahu,27.0
2013,elliot,29.0
2013,elliott,12.0
2013,emmanuel,12.0
2013,emmett,16.0
2013,eric,26.0
2013,ethan,125.0
2013,evan,42.0
2013,everett,20.0
2013,ezra,49.0
2013,felix,22.0
2013,filip,11.0
2013,finn,28.0
2013,francesco,12.0
2013,francis,13.0
2013,frank,15.0
2013,frederick,12.0
2013,gabriel,116.0
2013,gavin,54.0
2013,gavriel,16.0
2013,george,55.0
2013,giancarlo,10.0
2013,gianluca,13.0
2013,giovanni,32.0
2013,graham,20.0
2013,grant,15.0
2013,grayson,23.0
2013,gregory,18.0
2013,greyson,11.0
2013,griffin,16.0
2013,hamza,19.0
2013,harrison,45.0
2013,harry,17.0
2013,henry,161.0
2013,hersh,15.0
2013,hershel,23.0
2013,hershy,30.0
2013,hillel,11.0
2013,hudson,55.0
2013,hugo,21.0
2013,hunter,41.0
2013,ian,30.0
2013,ibrahim,20.0
2013,ilan,12.0
2013,isaac,123.0
2013,isaiah,11.0
2013,israel,34.0
2013,ivan,16.0
2013,jace,10.0
2013,jack,212.0
2013,jackson,98.0
2013,jacob,217.0
2013,jake,55.0
2013,james,223.0
2013,jason,37.0
2013,jasper,19.0
2013,jax,13.0
2013,jaxon,22.0
2013,jayden,32.0
2013,jeremy,11.0
2013,jesse,24.0
2013,joaquin,11.0
2013,joel,18.0
2013,john,173.0
2013,jonah,50.0
2013,jonathan,84.0
2013,jordan,25.0
2013,joseph,283.0
2013,joshua,91.0
2013,judah,24.0
2013,jude,23.0
2013,julian,71.0
2013,julien,11.0
2013,justin,30.0
2013,kai,20.0
2013,kevin,39.0
2013,kieran,21.0
2013,kyle,15.0
2013,laith,10.0
2013,landon,11.0
2013,lazer,18.0
2013,leo,109.0
2013,leon,25.0
2013,leonard,11.0
2013,leonardo,29.0
2013,lev,14.0
2013,levi,57.0
2013,liam,140.0
2013,lincoln,14.0
2013,lipa,39.0
2013,logan,71.0
2013,lorenzo,25.0
2013,louis,27.0
2013,luca,77.0
2013,lucas,125.0
2013,lucien,18.0
2013,luka,21.0
2013,lukas,15.0
2013,luke,100.0
2013,marc,16.0
2013,marco,18.0
2013,marcus,15.0
2013,mark,42.0
2013,martin,34.0
2013,mason,84.0
2013,massimo,12.0
2013,mateo,19.0
2013,matteo,30.0
2013,matthew,155.0
2013,max,107.0
2013,maxim,26.0
2013,maximilian,28.0
2013,maxwell,55.0
2013,mayer,28.0
2013,meilech,13.0
2013,meir,40.0
2013,menachem,72.0
2013,mendel,38.0
2013,mendy,15.0
2013,meyer,15.0
2013,micah,18.0
2013,michael,266.0
2013,miles,54.0
2013,milo,20.0
2013,mohamed,40.0
2013,mohammad,21.0
2013,mohammed,30.0
2013,moishe,15.0
2013,mordechai,79.0
2013,morris,11.0
2013,moses,31.0
2013,moshe,262.0
2013,muhammad,21.0
2013,myles,10.0
2013,nachman,11.0
2013,naftali,28.0
2013,naftuli,12.0
2013,nathan,82.0
2013,nathaniel,47.0
2013,nicholas,156.0
2013,nico,13.0
2013,nicolas,28.0
2013,noah,159.0
2013,noam,21.0
2013,nolan,19.0
2013,oliver,121.0
2013,omar,58.0
2013,ori,11.0
2013,orion,10.0
2013,oscar,30.0
2013,otto,16.0
2013,owen,73.0
2013,parker,31.0
2013,patrick,54.0
2013,paul,30.0
2013,peter,65.0
2013,philip,23.0
2013,pinchas,10.0
2013,preston,18.0
2013,quinn,10.0
2013,rafael,24.0
2013,raphael,22.0
2013,rayan,20.0
2013,raymond,17.0
2013,reid,16.0
2013,rhys,10.0
2013,richard,29.0
2013,riley,13.0
2013,robert,86.0
2013,rocco,11.0
2013,roman,26.0
2013,ronan,10.0
2013,rory,10.0
2013,rowan,14.0
2013,ryan,136.0
2013,ryder,14.0
2013,salvatore,27.0
2013,sam,36.0
2013,samir,13.0
2013,samuel,158.0
2013,santino,14.0
2013,sawyer,15.0
2013,sean,37.0
2013,sebastian,86.0
2013,shalom,10.0
2013,shane,12.0
2013,shaya,21.0
2013,shea,19.0
2013,shia,32.0
2013,shimon,95.0
2013,shloime,14.0
2013,shloimy,10.0
2013,shlome,19.0
2013,shlomo,66.0
2013,shmiel,18.0
2013,shmuel,55.0
2013,shneur,11.0
2013,sholom,19.0
2013,shraga,10.0
2013,shulem,35.0
2013,silas,11.0
2013,simcha,30.0
2013,simon,56.0
2013,solomon,35.0
2013,spencer,26.0
2013,stanley,10.0
2013,stephen,13.0
2013,steven,30.0
2013,theo,14.0
2013,theodore,94.0
2013,thomas,107.0
2013,timothy,27.0
2013,tristan,19.0
2013,tyler,44.0
2013,tzvi,48.0
2013,usher,25.0
2013,victor,22.0
2013,vincent,49.0
2013,walter,13.0
2013,wesley,17.0
2013,william,177.0
2013,wolf,12.0
2013,wyatt,32.0
2013,xavier,18.0
2013,yaakov,62.0
2013,yakov,61.0
2013,yanky,12.0
2013,yassin,14.0
2013,yechiel,29.0
2013,yehoshua,22.0
2013,yehuda,75.0
2013,yeshaya,11.0
2013,yisroel,66.0
2013,yitzchak,10.0
2013,yitzchok,74.0
2013,yoel,16.0
2013,yosef,110.0
2013,yossi,18.0
2013,yousef,14.0
2013,youssef,23.0
2013,yusuf,23.0
2013,zachary,79.0
2013,zalmen,12.0
2013,zev,49.0
2014,aarya,10.0
2014,abby,27.0
2014,abigail,31.0
2014,aisha,18.0
2014,aiza,19.0
2014,aleena,17.0
2014,alexandra,11.0
2014,alice,24.0
2014,alicia,12.0
2014,alina,41.0
2014,alisa,11.0
2014,alisha,11.0
2014,allison,15.0
2014,alyssa,22.0
2014,amanda,15.0
2014,amber,17.0
2014,amelia,27.0
2014,amina,10.0
2014,amy,31.0
2014,anaya,32.0
2014,anayah,10.0
2014,angel,16.0
2014,angela,77.0
2014,angelina,38.0
2014,anna,41.0
2014,annabelle,13.0
2014,anne,14.0
2014,annie,30.0
2014,anya,10.0
2014,aria,26.0
2014,ariana,30.0
2014,arianna,13.0
2014,ariel,14.0
2014,arisha,10.0
2014,arya,28.0
2014,ashley,33.0
2014,athena,12.0
2014,audrey,31.0
2014,ava,35.0
2014,avery,17.0
2014,ayesha,28.0
2014,bella,29.0
2014,carina,18.0
2014,caroline,15.0
2014,catherine,19.0
2014,cecilia,10.0
2014,celine,12.0
2014,charlotte,31.0
2014,chelsea,13.0
2014,chloe,111.0
2014,christina,17.0
2014,cindy,25.0
2014,claire,49.0
2014,crystal,17.0
2014,cynthia,22.0
2014,doris,10.0
2014,eileen,18.0
2014,elaine,17.0
2014,eleanor,12.0
2014,elena,19.0
2014,eliana,11.0
2014,elina,16.0
2014,elizabeth,20.0
2014,ella,40.0
2014,ellie,26.0
2014,elsa,23.0
2014,emily,92.0
2014,emma,96.0
2014,erica,12.0
2014,erin,11.0
2014,eshaal,12.0
2014,esther,12.0
2014,eva,28.0
2014,evelyn,26.0
2014,fatima,23.0
2014,fiona,37.0
2014,gabriella,18.0
2014,gia,11.0
2014,grace,64.0
2014,hafsa,12.0
2014,hailey,23.0
2014,hana,12.0
2014,hanna,15.0
2014,hannah,32.0
2014,inaaya,11.0
2014,inaya,11.0
2014,irene,16.0
2014,iris,21.0
2014,isabel,13.0
2014,isabella,58.0
2014,isabelle,23.0
2014,ivy,30.0
2014,janice,12.0
2014,jannat,13.0
2014,jasmine,36.0
2014,jennifer,17.0
2014,jenny,20.0
2014,jessica,35.0
2014,jessie,18.0
2014,joanna,32.0
2014,jocelyn,16.0
2014,joy,11.0
2014,joyce,15.0
2014,julia,26.0
2014,kaitlyn,20.0
2014,karina,13.0
2014,kate,10.0
2014,katelyn,12.0
2014,katherine,37.0
2014,katie,15.0
2014,kayla,23.0
2014,kaylee,18.0
2014,kelly,14.0
2014,khadija,10.0
2014,kylie,14.0
2014,layla,13.0
2014,leah,25.0
2014,lila,11.0
2014,lillian,14.0
2014,lily,14.0
2014,lina,12.0
2014,lisa,11.0
2014,livia,11.0
2014,luna,10.0
2014,lydia,13.0
2014,madeline,10.0
2014,madelyn,11.0
2014,madison,28.0
2014,maggie,14.0
2014,mandy,11.0
2014,maryam,20.0
2014,maya,25.0
2014,megan,13.0
2014,melody,28.0
2014,mia,67.0
2014,michelle,17.0
2014,mila,25.0
2014,miranda,14.0
2014,naomi,15.0
2014,natalie,16.0
2014,nicole,28.0
2014,nina,21.0
2014,noor,13.0
2014,olivia,141.0
2014,penelope,15.0
2014,phoebe,13.0
2014,priscilla,10.0
2014,queena,11.0
2014,queenie,17.0
2014,rachel,24.0
2014,raina,10.0
2014,rebecca,11.0
2014,riley,10.0
2014,sabrina,19.0
2014,safa,11.0
2014,samantha,18.0
2014,samara,13.0
2014,sara,14.0
2014,sarah,35.0
2014,scarlett,19.0
2014,selena,14.0
2014,selina,19.0
2014,serena,24.0
2014,sharon,16.0
2014,shirley,17.0
2014,shreya,10.0
2014,sofia,19.0
2014,sophia,111.0
2014,sophie,29.0
2014,stella,19.0
2014,stephanie,21.0
2014,summer,12.0
2014,syeda,16.0
2014,sylvia,12.0
2014,tenzin,33.0
2014,tiffany,29.0
2014,vanessa,12.0
2014,vicky,15.0
2014,victoria,25.0
2014,vivian,31.0
2014,winnie,11.0
2014,zainab,24.0
2014,zara,37.0
2014,zoe,34.0
2014,zoey,24.0
2014,aaliyah,67.0
2014,abigail,41.0
2014,adrianna,11.0
2014,aicha,23.0
2014,aisha,15.0
2014,aissatou,13.0
2014,alana,16.0
2014,alexandria,10.0
2014,alexis,13.0
2014,aliyah,23.0
2014,alyssa,24.0
2014,amara,12.0
2014,amaya,33.0
2014,amelia,28.0
2014,amia,10.0
2014,amina,27.0
2014,aminata,29.0
2014,amira,15.0
2014,amirah,10.0
2014,amiya,10.0
2014,amiyah,18.0
2014,angelina,14.0
2014,aniya,11.0
2014,aniyah,17.0
2014,annabelle,14.0
2014,aria,19.0
2014,ariana,24.0
2014,arianna,37.0
2014,ariel,45.0
2014,arielle,15.0
2014,ashley,17.0
2014,aubree,12.0
2014,aubrey,21.0
2014,autumn,41.0
2014,ava,78.0
2014,avery,25.0
2014,bella,15.0
2014,blessing,11.0
2014,brianna,24.0
2014,brielle,30.0
2014,brooke,11.0
2014,brooklyn,14.0
2014,cali,17.0
2014,chanel,11.0
2014,charlotte,11.0
2014,chelsea,30.0
2014,chloe,68.0
2014,christina,10.0
2014,dakota,13.0
2014,danielle,12.0
2014,destiny,28.0
2014,egypt,11.0
2014,eliana,23.0
2014,elizabeth,25.0
2014,ella,11.0
2014,emily,37.0
2014,emma,23.0
2014,eva,16.0
2014,faith,40.0
2014,fanta,12.0
2014,fatima,32.0
2014,fatou,10.0
2014,fatoumata,47.0
2014,gabriella,28.0
2014,gabrielle,37.0
2014,genesis,20.0
2014,gianna,14.0
2014,grace,20.0
2014,hailey,21.0
2014,hannah,17.0
2014,harmony,17.0
2014,hawa,14.0
2014,heaven,25.0
2014,hope,11.0
2014,imani,24.0
2014,isabella,47.0
2014,isabelle,20.0
2014,jada,18.0
2014,jade,22.0
2014,janelle,12.0
2014,jasmine,25.0
2014,jayda,13.0
2014,jayla,25.0
2014,jordan,13.0
2014,jordyn,21.0
2014,journee,11.0
2014,journey,13.0
2014,joy,11.0
2014,kadiatou,10.0
2014,kaitlyn,24.0
2014,kali,12.0
2014,kayla,36.0
2014,kaylee,24.0
2014,kelsey,14.0
2014,kennedy,25.0
2014,khadijah,13.0
2014,khloe,39.0
2014,kiara,15.0
2014,kimora,13.0
2014,kristen,10.0
2014,kyla,11.0
2014,kylee,10.0
2014,kylie,30.0
2014,laila,27.0
2014,lailah,10.0
2014,lauren,37.0
2014,lauryn,10.0
2014,layla,26.0
2014,leah,36.0
2014,leilani,13.0
2014,lillian,11.0
2014,logan,14.0
2014,london,61.0
2014,londyn,26.0
2014,lyric,15.0
2014,mackenzie,15.0
2014,madison,130.0
2014,madisyn,14.0
2014,makayla,40.0
2014,malaysia,14.0
2014,malia,18.0
2014,maliyah,20.0
2014,mariah,22.0
2014,mariam,47.0
2014,mariama,16.0
2014,maryam,10.0
2014,maya,36.0
2014,mckenzie,30.0
2014,melanie,11.0
2014,mia,61.0
2014,michelle,22.0
2014,mikayla,17.0
2014,mila,11.0
2014,milan,26.0
2014,miracle,13.0
2014,morgan,36.0
2014,mya,26.0
2014,nahla,13.0
2014,naomi,32.0
2014,nevaeh,31.0
2014,nia,31.0
2014,nova,11.0
2014,nyla,36.0
2014,nylah,34.0
2014,olivia,52.0
2014,oumou,13.0
2014,paige,28.0
2014,paris,29.0
2014,penelope,10.0
2014,peyton,34.0
2014,phoenix,10.0
2014,riley,20.0
2014,samantha,14.0
2014,sanaa,14.0
2014,sanai,15.0
2014,saniyah,10.0
2014,sarah,22.0
2014,sarai,15.0
2014,sariah,12.0
2014,savannah,53.0
2014,serenity,46.0
2014,shiloh,10.0
2014,skye,17.0
2014,skyla,28.0
2014,skylah,24.0
2014,skylar,63.0
2014,skyler,10.0
2014,sofia,12.0
2014,sophia,36.0
2014,summer,10.0
2014,sydney,21.0
2014,taylor,45.0
2014,tiana,13.0
2014,tianna,13.0
2014,tori,18.0
2014,trinity,19.0
2014,victoria,30.0
2014,violet,14.0
2014,winter,16.0
2014,wynter,12.0
2014,zaniyah,10.0
2014,zara,14.0
2014,zariah,10.0
2014,zendaya,13.0
2014,zoe,23.0
2014,zoey,32.0
2014,zuri,21.0
2014,aaliyah,55.0
2014,abigail,104.0
2014,adelyn,10.0
2014,adriana,42.0
2014,adrianna,18.0
2014,aileen,20.0
2014,alana,17.0
2014,alanis,26.0
2014,alejandra,17.0
2014,alessandra,12.0
2014,alexa,71.0
2014,alexandra,31.0
2014,alexia,13.0
2014,alexis,13.0
2014,alice,19.0
2014,alicia,14.0
2014,alina,30.0
2014,alison,21.0
2014,alissa,10.0
2014,aliyah,19.0
2014,allison,103.0
2014,allyson,16.0
2014,alma,13.0
2014,alondra,15.0
2014,alyssa,31.0
2014,amalia,15.0
2014,amanda,31.0
2014,amaya,27.0
2014,amber,18.0
2014,amelia,60.0
2014,amy,73.0
2014,ana,33.0
2014,anabella,10.0
2014,anabelle,10.0
2014,anaya,12.0
2014,andrea,46.0
2014,angela,17.0
2014,angelica,30.0
2014,angelina,34.0
2014,angeline,12.0
2014,angelique,17.0
2014,angie,19.0
2014,anna,14.0
2014,annabella,15.0
2014,annabelle,12.0
2014,annalise,12.0
2014,april,12.0
2014,arabella,16.0
2014,arely,11.0
2014,aria,28.0
2014,ariana,94.0
2014,arianna,85.0
2014,ariel,19.0
2014,ariella,16.0
2014,arielle,13.0
2014,arya,13.0
2014,ashley,139.0
2014,athena,23.0
2014,aubree,18.0
2014,aubrey,45.0
2014,audrey,17.0
2014,aurora,10.0
2014,autumn,13.0
2014,ava,79.0
2014,avery,28.0
2014,ayleen,12.0
2014,aylin,45.0
2014,bella,62.0
2014,bianca,22.0
2014,brenda,14.0
2014,briana,14.0
2014,brianna,86.0
2014,brielle,10.0
2014,brigitte,11.0
2014,brittany,34.0
2014,brooke,10.0
2014,bryanna,12.0
2014,camila,193.0
2014,carla,13.0
2014,carmen,14.0
2014,carolina,10.0
2014,caroline,10.0
2014,cataleya,12.0
2014,catalina,19.0
2014,catherine,11.0
2014,cecilia,10.0
2014,celeste,12.0
2014,celine,10.0
2014,charlotte,31.0
2014,chelsea,34.0
2014,chloe,68.0
2014,christina,10.0
2014,crystal,16.0
2014,cynthia,10.0
2014,daisy,19.0
2014,daleyza,14.0
2014,daniela,50.0
2014,daniella,32.0
2014,danna,31.0
2014,dayana,16.0
2014,delilah,41.0
2014,destiny,25.0
2014,diana,33.0
2014,eileen,11.0
2014,elena,32.0
2014,eliana,29.0
2014,elisa,14.0
2014,eliza,11.0
2014,elizabeth,40.0
2014,ella,19.0
2014,emely,60.0
2014,emilia,21.0
2014,emily,170.0
2014,emma,167.0
2014,erika,13.0
2014,esmeralda,19.0
2014,esther,20.0
2014,eva,33.0
2014,evangeline,11.0
2014,evelyn,32.0
2014,faith,32.0
2014,francesca,12.0
2014,gabriela,45.0
2014,gabriella,78.0
2014,genesis,102.0
2014,gia,12.0
2014,gianna,43.0
2014,giselle,32.0
2014,grace,41.0
2014,guadalupe,29.0
2014,hailey,92.0
2014,hailie,10.0
2014,hannah,21.0
2014,haylee,15.0
2014,hazel,12.0
2014,heaven,15.0
2014,heidi,11.0
2014,helen,18.0
2014,isabel,42.0
2014,isabella,331.0
2014,isabelle,27.0
2014,itzel,24.0
2014,ivanna,11.0
2014,izabella,10.0
2014,jacqueline,18.0
2014,jade,41.0
2014,jasmine,34.0
2014,jayla,22.0
2014,jaylah,15.0
2014,jayleen,25.0
2014,jaylene,13.0
2014,jaylin,14.0
2014,jazlyn,22.0
2014,jazmin,33.0
2014,jennifer,34.0
2014,jessica,21.0
2014,jessie,11.0
2014,jimena,11.0
2014,jocelyn,32.0
2014,joselyn,10.0
2014,julia,20.0
2014,juliana,27.0
2014,julianna,19.0
2014,juliet,16.0
2014,juliette,21.0
2014,julissa,15.0
2014,kailey,13.0
2014,kaitlyn,25.0
2014,kamila,21.0
2014,karen,19.0
2014,karla,23.0
2014,kate,10.0
2014,katelyn,17.0
2014,katherine,33.0
2014,katie,12.0
2014,kayla,44.0
2014,kaylee,76.0
2014,kayleen,15.0
2014,kaylie,10.0
2014,kaylin,12.0
2014,keila,10.0
2014,kelly,16.0
2014,kendra,11.0
2014,keyla,15.0
2014,khloe,68.0
2014,kiara,34.0
2014,kimberly,72.0
2014,kylie,52.0
2014,laila,24.0
2014,laura,15.0
2014,lauren,18.0
2014,layla,50.0
2014,leah,100.0
2014,leila,19.0
2014,leilani,18.0
2014,leslie,34.0
2014,lesly,15.0
2014,leyla,11.0
2014,lia,17.0
2014,liana,12.0
2014,liliana,17.0
2014,lillian,10.0
2014,lily,19.0
2014,lindsay,15.0
2014,litzy,10.0
2014,lizbeth,19.0
2014,lola,14.0
2014,london,29.0
2014,londyn,10.0
2014,lucia,19.0
2014,luciana,18.0
2014,luna,42.0
2014,mackenzie,15.0
2014,madeline,23.0
2014,madelyn,15.0
2014,madison,90.0
2014,magaly,11.0
2014,maia,14.0
2014,makayla,16.0
2014,maria,57.0
2014,mariah,10.0
2014,mariana,18.0
2014,marilyn,13.0
2014,marjorie,16.0
2014,maya,45.0
2014,megan,21.0
2014,melanie,106.0
2014,melany,39.0
2014,melina,18.0
2014,melissa,29.0
2014,melody,22.0
2014,mia,255.0
2014,michelle,44.0
2014,mikaela,11.0
2014,mila,46.0
2014,miranda,13.0
2014,monica,12.0
2014,monserrat,10.0
2014,montserrat,15.0
2014,mya,27.0
2014,naomi,27.0
2014,nashla,19.0
2014,natalia,45.0
2014,natalie,28.0
2014,nathalie,24.0
2014,nathaly,19.0
2014,nayeli,17.0
2014,nevaeh,13.0
2014,nicole,48.0
2014,nina,11.0
2014,nyla,10.0
2014,nylah,15.0
2014,olivia,96.0
2014,paige,14.0
2014,pamela,13.0
2014,paris,11.0
2014,penelope,58.0
2014,peyton,16.0
2014,rachel,12.0
2014,rebecca,12.0
2014,riley,15.0
2014,rose,32.0
2014,ruby,22.0
2014,ruth,10.0
2014,sabrina,18.0
2014,salome,11.0
2014,samantha,91.0
2014,sara,21.0
2014,sarah,39.0
2014,sarai,17.0
2014,savannah,43.0
2014,scarlett,80.0
2014,selena,14.0
2014,serenity,35.0
2014,sherlyn,22.0
2014,shirley,15.0
2014,sienna,10.0
2014,skyla,16.0
2014,skylar,25.0
2014,skyler,11.0
2014,sofia,199.0
2014,sophia,259.0
2014,sophie,26.0
2014,stella,16.0
2014,stephanie,39.0
2014,tatiana,12.0
2014,taylor,23.0
2014,tiffany,20.0
2014,trinity,11.0
2014,valentina,135.0
2014,valeria,34.0
2014,valerie,57.0
2014,valery,12.0
2014,vanessa,29.0
2014,victoria,148.0
2014,violet,27.0
2014,violeta,12.0
2014,wendy,11.0
2014,ximena,26.0
2014,yaretzi,20.0
2014,yasmin,10.0
2014,zoe,87.0
2014,zoey,34.0
2014,abigail,124.0
2014,ada,12.0
2014,addison,22.0
2014,adelaide,19.0
2014,adele,24.0
2014,adelina,11.0
2014,adeline,12.0
2014,adina,22.0
2014,adriana,23.0
2014,adrianna,10.0
2014,ahuva,22.0
2014,aisha,13.0
2014,alessandra,18.0
2014,alessia,20.0
2014,alexa,37.0
2014,alexandra,84.0
2014,alexis,23.0
2014,alice,56.0
2014,alina,19.0
2014,alisa,13.0
2014,aliza,17.0
2014,allison,14.0
2014,alma,11.0
2014,alyssa,36.0
2014,amanda,10.0
2014,amelia,73.0
2014,amelie,10.0
2014,amina,27.0
2014,amira,19.0
2014,ana,11.0
2014,anastasia,26.0
2014,angelica,12.0
2014,angelina,46.0
2014,anisa,14.0
2014,anna,95.0
2014,annabelle,26.0
2014,anne,10.0
2014,antonia,17.0
2014,aria,45.0
2014,ariana,41.0
2014,arianna,31.0
2014,ariel,13.0
2014,ariella,32.0
2014,ashley,14.0
2014,atara,13.0
2014,athena,10.0
2014,audrey,33.0
2014,aurora,19.0
2014,ava,146.0
2014,avery,66.0
2014,avigail,12.0
2014,avital,10.0
2014,aviva,14.0
2014,aya,14.0
2014,ayala,10.0
2014,ayla,18.0
2014,aziza,11.0
2014,baila,39.0
2014,barbara,10.0
2014,batsheva,32.0
2014,beatrice,44.0
2014,bella,33.0
2014,bianca,15.0
2014,blake,11.0
2014,blima,29.0
2014,blimy,27.0
2014,bracha,22.0
2014,brianna,16.0
2014,bridget,11.0
2014,brielle,12.0
2014,brooke,33.0
2014,brucha,13.0
2014,bruchy,17.0
2014,brynn,10.0
2014,caitlin,11.0
2014,camila,10.0
2014,camilla,17.0
2014,camille,11.0
2014,carly,10.0
2014,carolina,13.0
2014,caroline,45.0
2014,cassidy,10.0
2014,catherine,37.0
2014,cecelia,11.0
2014,cecilia,24.0
2014,celia,10.0
2014,celine,10.0
2014,chana,143.0
2014,chany,33.0
2014,charlie,20.0
2014,charlotte,133.0
2014,chava,39.0
2014,chavy,13.0
2014,chaya,194.0
2014,chloe,81.0
2014,christina,11.0
2014,claire,43.0
2014,clara,36.0
2014,clementine,11.0
2014,colette,15.0
2014,cora,19.0
2014,dahlia,13.0
2014,daniella,23.0
2014,danielle,23.0
2014,daphne,16.0
2014,delilah,10.0
2014,devora,23.0
2014,devorah,47.0
2014,diana,25.0
2014,dina,28.0
2014,dylan,33.0
2014,eden,14.0
2014,eleanor,65.0
2014,elena,27.0
2014,eleni,10.0
2014,eliana,49.0
2014,elisheva,12.0
2014,eliza,21.0
2014,elizabeth,101.0
2014,ella,112.0
2014,elle,24.0
2014,ellie,31.0
2014,eloise,42.0
2014,elsa,13.0
2014,emerson,17.0
2014,emilia,54.0
2014,emily,143.0
2014,emma,205.0
2014,emmeline,11.0
2014,erin,10.0
2014,esme,14.0
2014,ester,10.0
2014,esther,233.0
2014,esty,22.0
2014,etty,18.0
2014,eva,74.0
2014,evangeline,11.0
2014,eve,18.0
2014,evelyn,64.0
2014,everly,14.0
2014,evie,12.0
2014,faiga,24.0
2014,faigy,74.0
2014,fatima,11.0
2014,fiona,36.0
2014,fradel,11.0
2014,frady,14.0
2014,fraidy,29.0
2014,frances,22.0
2014,francesca,39.0
2014,frimet,12.0
2014,gabriela,13.0
2014,gabriella,93.0
2014,gabrielle,15.0
2014,gemma,17.0
2014,genevieve,23.0
2014,georgia,26.0
2014,gia,17.0
2014,gianna,38.0
2014,giovanna,13.0
2014,giselle,12.0
2014,gitty,68.0
2014,giuliana,23.0
2014,golda,18.0
2014,goldie,11.0
2014,goldy,17.0
2014,grace,86.0
2014,hadassah,13.0
2014,hadley,19.0
2014,hailey,22.0
2014,hana,12.0
2014,hanna,17.0
2014,hannah,64.0
2014,harlow,11.0
2014,harper,41.0
2014,hazel,24.0
2014,helen,17.0
2014,helena,17.0
2014,henchy,20.0
2014,henny,18.0
2014,hinda,10.0
2014,hindy,34.0
2014,iris,14.0
2014,isabel,30.0
2014,isabella,117.0
2014,isabelle,26.0
2014,isla,31.0
2014,ivy,20.0
2014,jacqueline,16.0
2014,jana,10.0
2014,jane,25.0
2014,jasmina,11.0
2014,jasmine,19.0
2014,jenna,23.0
2014,jessica,14.0
2014,jordyn,11.0
2014,josephine,39.0
2014,julia,84.0
2014,juliana,30.0
2014,julianna,17.0
2014,julie,14.0
2014,juliet,31.0
2014,juliette,32.0
2014,june,13.0
2014,juniper,14.0
2014,kaitlyn,10.0
2014,kate,17.0
2014,katherine,42.0
2014,kayla,42.0
2014,kaylee,15.0
2014,keira,13.0
2014,kennedy,10.0
2014,khloe,11.0
2014,kira,13.0
2014,kylie,13.0
2014,laila,23.0
2014,lana,13.0
2014,lara,17.0
2014,laura,22.0
2014,lauren,33.0
2014,layan,13.0
2014,layla,55.0
2014,lea,30.0
2014,leah,206.0
2014,leila,14.0
2014,lena,28.0
2014,leora,10.0
2014,lia,12.0
2014,liana,15.0
2014,liba,23.0
2014,libby,30.0
2014,lila,42.0
2014,lilah,11.0
2014,lilian,10.0
2014,liliana,22.0
2014,lillian,40.0
2014,lilly,16.0
2014,lily,88.0
2014,lina,13.0
2014,linda,10.0
2014,liv,16.0
2014,livia,13.0
2014,lola,20.0
2014,louisa,12.0
2014,lucia,29.0
2014,lucy,58.0
2014,luna,16.0
2014,lydia,14.0
2014,lyla,19.0
2014,mackenzie,26.0
2014,madeleine,35.0
2014,madeline,59.0
2014,madelyn,24.0
2014,madison,68.0
2014,mae,11.0
2014,maeve,30.0
2014,maisie,14.0
2014,malak,14.0
2014,malka,84.0
2014,malky,70.0
2014,margaret,33.0
2014,margot,19.0
2014,maria,45.0
2014,mariam,19.0
2014,marielle,11.0
2014,mary,28.0
2014,maryam,23.0
2014,matilda,18.0
2014,maya,106.0
2014,melanie,13.0
2014,menucha,13.0
2014,mia,139.0
2014,michaela,13.0
2014,michelle,23.0
2014,mikayla,15.0
2014,mila,62.0
2014,milana,19.0
2014,mina,12.0
2014,mindy,29.0
2014,mira,17.0
2014,mirel,15.0
2014,miriam,143.0
2014,molly,27.0
2014,morgan,14.0
2014,mushka,12.0
2014,nadia,13.0
2014,naomi,49.0
2014,natalia,13.0
2014,natalie,44.0
2014,nechama,30.0
2014,nicole,41.0
2014,nina,41.0
2014,noa,28.0
2014,noelle,13.0
2014,noor,15.0
2014,nora,70.0
2014,olive,19.0
2014,olivia,248.0
2014,paige,22.0
2014,parker,17.0
2014,pearl,23.0
2014,penelope,63.0
2014,perel,19.0
2014,perl,17.0
2014,perry,13.0
2014,pessy,30.0
2014,peyton,15.0
2014,phoebe,27.0
2014,piper,19.0
2014,poppy,14.0
2014,quinn,26.0
2014,rachel,228.0
2014,raizel,15.0
2014,raizy,84.0
2014,rebecca,43.0
2014,reese,22.0
2014,reizy,10.0
2014,rena,11.0
2014,rifky,11.0
2014,riley,31.0
2014,rivka,100.0
2014,rivky,52.0
2014,rochel,31.0
2014,roizy,13.0
2014,rosa,10.0
2014,rose,55.0
2014,rowan,10.0
2014,ruby,48.0
2014,ruchel,10.0
2014,ruchy,17.0
2014,ruth,11.0
2014,sabrina,25.0
2014,sadie,43.0
2014,salma,10.0
2014,samantha,57.0
2014,samira,10.0
2014,sara,121.0
2014,sarah,185.0
2014,sasha,12.0
2014,savannah,25.0
2014,scarlett,40.0
2014,serena,16.0
2014,shaina,13.0
2014,shaindel,15.0
2014,shaindy,55.0
2014,shayna,12.0
2014,shifra,21.0
2014,shira,24.0
2014,shoshana,19.0
2014,siena,16.0
2014,sienna,44.0
2014,sima,14.0
2014,simone,22.0
2014,skylar,17.0
2014,sloane,25.0
2014,sofia,110.0
2014,sophia,172.0
2014,sophie,56.0
2014,stella,78.0
2014,summer,13.0
2014,suri,13.0
2014,sury,31.0
2014,sydney,23.0
2014,sylvia,16.0
2014,sylvie,10.0
2014,talia,49.0
2014,tamar,12.0
2014,taylor,24.0
2014,tess,11.0
2014,tessa,13.0
2014,thea,11.0
2014,toby,46.0
2014,trany,12.0
2014,tzipora,14.0
2014,tziporah,12.0
2014,valentina,45.0
2014,vera,12.0
2014,veronica,18.0
2014,victoria,83.0
2014,violet,49.0
2014,vivian,61.0
2014,vivienne,36.0
2014,willa,26.0
2014,yael,16.0
2014,yasmina,11.0
2014,yasmine,12.0
2014,yehudis,25.0
2014,yides,26.0
2014,yitty,59.0
2014,yocheved,28.0
2014,zelda,12.0
2014,zissy,25.0
2014,zoe,96.0
2014,zoey,26.0
2014,aahil,14.0
2014,aaron,63.0
2014,aayan,10.0
2014,abdullah,30.0
2014,adam,35.0
2014,adrian,26.0
2014,adyan,17.0
2014,ahmed,12.0
2014,ahnaf,11.0
2014,aidan,29.0
2014,aiden,135.0
2014,alan,28.0
2014,albert,20.0
2014,alex,45.0
2014,alexander,51.0
2014,alfred,18.0
2014,ali,21.0
2014,allen,26.0
2014,alston,13.0
2014,alvin,32.0
2014,anderson,12.0
2014,andrew,63.0
2014,andy,42.0
2014,anson,23.0
2014,anthony,31.0
2014,arham,12.0
2014,arjun,20.0
2014,armaan,13.0
2014,arvin,11.0
2014,aryan,18.0
2014,asher,15.0
2014,austin,63.0
2014,ayaan,55.0
2014,ayan,16.0
2014,ayden,15.0
2014,azaan,10.0
2014,benjamin,48.0
2014,benson,23.0
2014,brandon,45.0
2014,brayden,10.0
2014,brian,34.0
2014,bryan,15.0
2014,caleb,23.0
2014,calvin,10.0
2014,cameron,11.0
2014,carson,38.0
2014,carter,12.0
2014,charles,21.0
2014,chase,11.0
2014,chris,14.0
2014,christian,15.0
2014,christopher,18.0
2014,colin,15.0
2014,connor,21.0
2014,damon,17.0
2014,daniel,87.0
2014,darren,15.0
2014,david,30.0
2014,derek,32.0
2014,devin,22.0
2014,dylan,50.0
2014,eason,38.0
2014,eden,17.0
2014,edison,14.0
2014,edward,13.0
2014,edwin,11.0
2014,eli,10.0
2014,elijah,13.0
2014,elvis,13.0
2014,emmanuel,10.0
2014,eric,84.0
2014,ethan,179.0
2014,evan,76.0
2014,felix,33.0
2014,frank,10.0
2014,gabriel,17.0
2014,gary,10.0
2014,gavin,20.0
2014,george,15.0
2014,gordon,10.0
2014,grayson,12.0
2014,harrison,16.0
2014,hassan,10.0
2014,hayden,16.0
2014,henry,30.0
2014,hudson,17.0
2014,hunter,18.0
2014,ian,43.0
2014,ibrahim,24.0
2014,isaac,33.0
2014,isaiah,12.0
2014,ivan,43.0
2014,jack,21.0
2014,jacob,48.0
2014,jaden,30.0
2014,jake,14.0
2014,james,52.0
2014,jason,78.0
2014,jasper,18.0
2014,jayden,187.0
2014,jeffrey,17.0
2014,jeremy,29.0
2014,jerry,15.0
2014,jimmy,19.0
2014,john,26.0
2014,jonathan,43.0
2014,jordan,17.0
2014,joseph,18.0
2014,joshua,36.0
2014,julian,17.0
2014,justin,56.0
2014,kabir,10.0
2014,kaden,12.0
2014,kai,21.0
2014,kayden,16.0
2014,kevin,62.0
2014,kimi,24.0
2014,kingsley,21.0
2014,kyle,53.0
2014,lawrence,26.0
2014,leo,48.0
2014,leon,15.0
2014,leonardo,13.0
2014,liam,61.0
2014,logan,24.0
2014,louis,18.0
2014,luca,14.0
2014,lucas,139.0
2014,luke,26.0
2014,marcus,28.0
2014,mark,10.0
2014,mason,64.0
2014,matthew,71.0
2014,max,22.0
2014,maxwell,20.0
2014,michael,44.0
2014,miles,20.0
2014,mohammad,63.0
2014,mohammed,35.0
2014,muhammad,129.0
2014,musa,11.0
2014,nathan,49.0
2014,nathaniel,23.0
2014,neil,13.0
2014,nicholas,30.0
2014,noah,42.0
2014,oliver,55.0
2014,omar,10.0
2014,oscar,27.0
2014,owen,48.0
2014,rayan,20.0
2014,raymond,37.0
2014,rayyan,24.0
2014,rehan,13.0
2014,richard,18.0
2014,ricky,10.0
2014,riley,10.0
2014,rohan,21.0
2014,roman,10.0
2014,roy,23.0
2014,ryan,164.0
2014,ryder,15.0
2014,samuel,22.0
2014,sean,12.0
2014,sebastian,17.0
2014,shawn,11.0
2014,shayan,10.0
2014,simon,10.0
2014,stanley,14.0
2014,steven,18.0
2014,syed,20.0
2014,tenzin,42.0
2014,theodore,22.0
2014,thomas,17.0
2014,timothy,19.0
2014,tony,11.0
2014,travis,10.0
2014,tristan,19.0
2014,tyler,33.0
2014,victor,12.0
2014,vincent,46.0
2014,wesley,18.0
2014,william,85.0
2014,wilson,11.0
2014,winston,10.0
2014,xavier,10.0
2014,zachary,25.0
2014,zain,12.0
2014,zayan,18.0
2014,aaron,34.0
2014,abdoul,11.0
2014,abdoulaye,14.0
2014,abraham,13.0
2014,adam,24.0
2014,aden,17.0
2014,adonis,11.0
2014,adrian,15.0
2014,ahmed,10.0
2014,aiden,121.0
2014,alexander,49.0
2014,ali,10.0
2014,alpha,16.0
2014,amadou,15.0
2014,amare,10.0
2014,amari,30.0
2014,amir,101.0
2014,andre,13.0
2014,andrew,41.0
2014,angel,10.0
2014,anthony,37.0
2014,antonio,11.0
2014,asher,13.0
2014,ashton,30.0
2014,austin,22.0
2014,avery,23.0
2014,ayden,59.0
2014,benjamin,30.0
2014,blake,17.0
2014,bradley,15.0
2014,brandon,31.0
2014,brian,20.0
2014,bryan,15.0
2014,bryce,32.0
2014,bryson,17.0
2014,caden,10.0
2014,caiden,18.0
2014,caleb,55.0
2014,calvin,10.0
2014,cameron,38.0
2014,carmelo,13.0
2014,carter,106.0
2014,cayden,29.0
2014,chance,28.0
2014,charles,11.0
2014,chase,70.0
2014,christian,76.0
2014,christopher,55.0
2014,daniel,55.0
2014,darren,10.0
2014,david,46.0
2014,devin,10.0
2014,dominic,14.0
2014,donovan,10.0
2014,dylan,53.0
2014,eli,20.0
2014,elias,15.0
2014,elijah,117.0
2014,emmanuel,37.0
2014,eric,19.0
2014,ethan,138.0
2014,ezekiel,15.0
2014,ezra,10.0
2014,gabriel,43.0
2014,gavin,12.0
2014,giovanni,15.0
2014,greyson,11.0
2014,hunter,33.0
2014,ibrahim,22.0
2014,ibrahima,13.0
2014,isaac,28.0
2014,isaiah,56.0
2014,jace,44.0
2014,jacob,73.0
2014,jaden,28.0
2014,jaiden,21.0
2014,jalen,11.0
2014,jamar,12.0
2014,james,41.0
2014,jasiah,12.0
2014,jason,34.0
2014,jaxon,12.0
2014,jayce,33.0
2014,jayceon,36.0
2014,jayden,121.0
2014,jaylen,19.0
2014,jayson,11.0
2014,jeremiah,114.0
2014,jeremy,14.0
2014,joel,29.0
2014,john,20.0
2014,jonathan,46.0
2014,jordan,40.0
2014,joseph,27.0
2014,joshua,108.0
2014,josiah,89.0
2014,julian,18.0
2014,julius,17.0
2014,justice,10.0
2014,justin,43.0
2014,kaden,20.0
2014,kai,30.0
2014,kaiden,64.0
2014,kaleb,20.0
2014,kamari,12.0
2014,kareem,18.0
2014,karter,35.0
2014,kayden,67.0
2014,kenneth,12.0
2014,kevin,27.0
2014,khalil,13.0
2014,king,66.0
2014,kingston,16.0
2014,kristian,17.0
2014,kyle,33.0
2014,kyrie,23.0
2014,landon,11.0
2014,levi,13.0
2014,liam,113.0
2014,logan,70.0
2014,lorenzo,10.0
2014,lucas,20.0
2014,luke,13.0
2014,major,16.0
2014,malachi,46.0
2014,malik,27.0
2014,mamadou,23.0
2014,marcus,18.0
2014,mason,105.0
2014,matthew,52.0
2014,mekhi,23.0
2014,messiah,49.0
2014,micah,32.0
2014,michael,80.0
2014,miles,13.0
2014,mohamed,43.0
2014,mohammed,12.0
2014,mouhamed,12.0
2014,moussa,16.0
2014,myles,11.0
2014,nasir,33.0
2014,nathan,63.0
2014,nathaniel,48.0
2014,nicholas,31.0
2014,noah,128.0
2014,noel,13.0
2014,nolan,16.0
2014,omar,21.0
2014,omari,13.0
2014,oumar,14.0
2014,peyton,14.0
2014,preston,16.0
2014,prince,21.0
2014,princeton,12.0
2014,quincy,15.0
2014,richard,16.0
2014,riley,14.0
2014,robert,13.0
2014,roman,10.0
2014,ryan,46.0
2014,samuel,24.0
2014,savion,10.0
2014,sean,13.0
2014,sebastian,21.0
2014,seth,10.0
2014,sincere,19.0
2014,steven,10.0
2014,thomas,11.0
2014,timothy,11.0
2014,travis,12.0
2014,tristan,52.0
2014,tyler,77.0
2014,william,21.0
2014,wyatt,10.0
2014,xavier,45.0
2014,zachary,36.0
2014,zahir,14.0
2014,zaiden,14.0
2014,zaire,20.0
2014,zamir,10.0
2014,zane,10.0
2014,zayden,13.0
2014,zion,40.0
2014,aaron,129.0
2014,abel,18.0
2014,abraham,33.0
2014,adam,51.0
2014,adan,10.0
2014,adonis,20.0
2014,adrian,140.0
2014,adriel,34.0
2014,aidan,24.0
2014,aiden,165.0
2014,alan,62.0
2014,albert,15.0
2014,alberto,13.0
2014,alejandro,55.0
2014,alex,66.0
2014,alexander,213.0
2014,alexis,40.0
2014,allan,13.0
2014,allen,12.0
2014,amir,19.0
2014,anderson,17.0
2014,andres,30.0
2014,andrew,88.0
2014,andy,33.0
2014,angel,194.0
2014,anthony,152.0
2014,antonio,36.0
2014,ariel,16.0
2014,armani,13.0
2014,ashton,13.0
2014,austin,39.0
2014,avery,23.0
2014,axel,52.0
2014,ayden,91.0
2014,benjamin,69.0
2014,bradley,28.0
2014,brandon,131.0
2014,brayan,19.0
2014,brayden,17.0
2014,brian,26.0
2014,bruce,14.0
2014,bryan,83.0
2014,bryant,13.0
2014,bryce,13.0
2014,caleb,42.0
2014,cameron,19.0
2014,carlos,86.0
2014,carter,19.0
2014,cesar,23.0
2014,charles,21.0
2014,chase,21.0
2014,chris,17.0
2014,christian,90.0
2014,christopher,156.0
2014,cristian,33.0
2014,damian,49.0
2014,damien,16.0
2014,daniel,204.0
2014,danny,17.0
2014,dante,16.0
2014,dariel,28.0
2014,darwin,11.0
2014,david,167.0
2014,dean,12.0
2014,dennis,10.0
2014,derek,54.0
2014,derick,10.0
2014,devin,12.0
2014,diego,62.0
2014,dominic,33.0
2014,dominick,16.0
2014,donovan,10.0
2014,dylan,292.0
2014,eddy,10.0
2014,edgar,24.0
2014,eduardo,19.0
2014,edward,35.0
2014,edwin,41.0
2014,eli,39.0
2014,elian,19.0
2014,elias,89.0
2014,elijah,119.0
2014,emanuel,24.0
2014,emiliano,11.0
2014,emilio,22.0
2014,emmanuel,64.0
2014,enrique,18.0
2014,enzo,17.0
2014,eric,27.0
2014,erick,55.0
2014,esteban,13.0
2014,ethan,262.0
2014,evan,49.0
2014,ezekiel,10.0
2014,ezequiel,14.0
2014,ezra,12.0
2014,fabian,10.0
2014,felix,13.0
2014,fernando,26.0
2014,francisco,33.0
2014,frank,11.0
2014,gabriel,138.0
2014,gael,38.0
2014,gavin,18.0
2014,george,20.0
2014,gerardo,11.0
2014,giovanni,42.0
2014,grayson,10.0
2014,gregory,10.0
2014,hector,18.0
2014,henry,29.0
2014,hudson,14.0
2014,hunter,33.0
2014,ian,112.0
2014,iker,49.0
2014,isaac,89.0
2014,isaiah,47.0
2014,ismael,26.0
2014,israel,18.0
2014,ivan,44.0
2014,jace,63.0
2014,jack,25.0
2014,jackson,21.0
2014,jacob,292.0
2014,jaden,43.0
2014,jadiel,44.0
2014,jael,13.0
2014,jaiden,14.0
2014,jake,41.0
2014,james,99.0
2014,jared,25.0
2014,jariel,20.0
2014,jason,70.0
2014,javier,42.0
2014,jaxon,20.0
2014,jaxson,11.0
2014,jay,21.0
2014,jayce,35.0
2014,jayceon,13.0
2014,jayden,266.0
2014,jayson,16.0
2014,jean,22.0
2014,jefferson,17.0
2014,jeffrey,18.0
2014,jeremiah,98.0
2014,jeremy,109.0
2014,jesus,67.0
2014,joaquin,21.0
2014,joel,76.0
2014,johan,23.0
2014,john,66.0
2014,johnny,17.0
2014,jonah,12.0
2014,jonas,13.0
2014,jonathan,113.0
2014,jordan,62.0
2014,jorge,29.0
2014,jose,100.0
2014,joseph,114.0
2014,joshua,152.0
2014,josiah,52.0
2014,josue,35.0
2014,juan,66.0
2014,julian,106.0
2014,julio,15.0
2014,julius,46.0
2014,junior,14.0
2014,justin,125.0
2014,kaden,10.0
2014,kai,13.0
2014,kaiden,20.0
2014,kaleb,16.0
2014,kayden,59.0
2014,kendrick,12.0
2014,kenneth,24.0
2014,kenny,14.0
2014,kevin,117.0
2014,king,26.0
2014,kyle,14.0
2014,landon,15.0
2014,leandro,11.0
2014,leo,22.0
2014,leon,13.0
2014,leonardo,61.0
2014,leonidas,11.0
2014,levi,14.0
2014,liam,312.0
2014,logan,107.0
2014,lorenzo,17.0
2014,louis,11.0
2014,luca,18.0
2014,lucas,187.0
2014,luis,98.0
2014,lukas,18.0
2014,luke,17.0
2014,maddox,10.0
2014,manuel,25.0
2014,marcelo,12.0
2014,marco,20.0
2014,marcos,14.0
2014,marcus,19.0
2014,mario,19.0
2014,mark,13.0
2014,marlon,11.0
2014,martin,20.0
2014,marvin,10.0
2014,mason,184.0
2014,mateo,66.0
2014,mathew,18.0
2014,mathias,16.0
2014,matias,32.0
2014,matteo,17.0
2014,matthew,257.0
2014,max,13.0
2014,maximilian,11.0
2014,maximiliano,14.0
2014,maximus,28.0
2014,maxwell,16.0
2014,melvin,11.0
2014,messiah,17.0
2014,michael,174.0
2014,miguel,64.0
2014,mike,11.0
2014,milan,32.0
2014,miles,13.0
2014,misael,10.0
2014,moises,10.0
2014,myles,11.0
2014,nathan,79.0
2014,nathaniel,53.0
2014,nelson,12.0
2014,neymar,19.0
2014,nicholas,103.0
2014,nicolas,49.0
2014,noah,282.0
2014,noel,31.0
2014,oliver,45.0
2014,omar,23.0
2014,orlando,10.0
2014,oscar,26.0
2014,owen,11.0
2014,pablo,16.0
2014,pedro,12.0
2014,peter,17.0
2014,prince,19.0
2014,rafael,20.0
2014,randy,12.0
2014,raymond,17.0
2014,ricardo,22.0
2014,richard,27.0
2014,riley,23.0
2014,robert,30.0
2014,roberto,22.0
2014,rodrigo,12.0
2014,romeo,14.0
2014,ruben,11.0
2014,ryan,102.0
2014,samuel,78.0
2014,santiago,59.0
2014,saul,16.0
2014,sean,10.0
2014,sebastian,241.0
2014,sergio,16.0
2014,skyler,11.0
2014,stephen,11.0
2014,steve,12.0
2014,steven,74.0
2014,theodore,11.0
2014,thiago,37.0
2014,thomas,30.0
2014,timothy,16.0
2014,tristan,35.0
2014,tyler,40.0
2014,uriel,11.0
2014,victor,52.0
2014,vincent,21.0
2014,walter,10.0
2014,william,59.0
2014,xavier,83.0
2014,yadiel,15.0
2014,yahir,15.0
2014,yandel,15.0
2014,yariel,12.0
2014,zachary,27.0
2014,zayden,13.0
2014,aaron,90.0
2014,abraham,172.0
2014,adam,191.0
2014,adrian,42.0
2014,aharon,21.0
2014,ahmad,15.0
2014,ahmed,32.0
2014,aidan,32.0
2014,aiden,78.0
2014,akiva,22.0
2014,alan,12.0
2014,albert,17.0
2014,alex,27.0
2014,alexander,225.0
2014,ali,54.0
2014,amir,27.0
2014,andrew,91.0
2014,angelo,12.0
2014,anthony,110.0
2014,anton,11.0
2014,antonio,21.0
2014,archer,12.0
2014,ari,42.0
2014,ariel,24.0
2014,arlo,16.0
2014,aron,62.0
2014,arthur,25.0
2014,aryeh,22.0
2014,asher,72.0
2014,ashton,12.0
2014,august,28.0
2014,austin,40.0
2014,avi,11.0
2014,avraham,55.0
2014,avrohom,27.0
2014,avrum,12.0
2014,axel,12.0
2014,ayden,12.0
2014,aydin,11.0
2014,baruch,16.0
2014,beckett,13.0
2014,ben,13.0
2014,benjamin,233.0
2014,bennett,20.0
2014,benzion,18.0
2014,berish,10.0
2014,berl,12.0
2014,binyamin,11.0
2014,binyomin,11.0
2014,blake,18.0
2014,boruch,12.0
2014,brady,13.0
2014,brandon,33.0
2014,brayden,13.0
2014,brendan,12.0
2014,brian,18.0
2014,brody,20.0
2014,brooks,12.0
2014,caleb,28.0
2014,calvin,14.0
2014,cameron,24.0
2014,carter,27.0
2014,chaim,130.0
2014,charles,131.0
2014,charlie,16.0
2014,chase,43.0
2014,cheskel,15.0
2014,christian,64.0
2014,christopher,76.0
2014,cole,31.0
2014,colin,36.0
2014,connor,43.0
2014,conor,19.0
2014,cooper,40.0
2014,cormac,11.0
2014,damian,14.0
2014,daniel,223.0
2014,dante,11.0
2014,dashiell,10.0
2014,david,272.0
2014,dean,19.0
2014,declan,43.0
2014,denis,10.0
2014,derek,14.0
2014,devin,13.0
2014,dominic,27.0
2014,dominick,14.0
2014,dov,38.0
2014,dovid,26.0
2014,drew,12.0
2014,duvid,16.0
2014,dylan,94.0
2014,edward,40.0
2014,efraim,13.0
2014,eitan,13.0
2014,eli,103.0
2014,elias,32.0
2014,eliezer,52.0
2014,elijah,28.0
2014,elimelech,16.0
2014,eliyahu,25.0
2014,elliot,33.0
2014,elliott,12.0
2014,ellis,12.0
2014,emmett,12.0
2014,eric,29.0
2014,erik,10.0
2014,ethan,149.0
2014,evan,58.0
2014,everett,16.0
2014,ezra,45.0
2014,felix,32.0
2014,filip,11.0
2014,finn,21.0
2014,francesco,15.0
2014,francis,13.0
2014,frank,14.0
2014,frederick,16.0
2014,gabriel,105.0
2014,gavin,50.0
2014,gavriel,17.0
2014,george,65.0
2014,giovanni,32.0
2014,giuseppe,10.0
2014,graham,27.0
2014,grant,11.0
2014,grayson,30.0
2014,gregory,15.0
2014,greyson,14.0
2014,griffin,16.0
2014,hamza,16.0
2014,harrison,44.0
2014,harry,12.0
2014,hayden,10.0
2014,henry,176.0
2014,hersh,22.0
2014,hershel,18.0
2014,hershy,21.0
2014,hillel,12.0
2014,hudson,58.0
2014,hugo,22.0
2014,hunter,44.0
2014,ian,30.0
2014,ibrahim,18.0
2014,imran,10.0
2014,isaac,125.0
2014,israel,35.0
2014,issac,10.0
2014,ivan,15.0
2014,jace,13.0
2014,jack,199.0
2014,jackson,85.0
2014,jacob,256.0
2014,jake,46.0
2014,jakub,11.0
2014,james,195.0
2014,jason,49.0
2014,jasper,24.0
2014,jax,11.0
2014,jaxon,14.0
2014,jaxson,13.0
2014,jayden,35.0
2014,jeremy,13.0
2014,jesse,14.0
2014,joel,31.0
2014,john,158.0
2014,jonah,45.0
2014,jonathan,75.0
2014,jordan,34.0
2014,joseph,300.0
2014,joshua,68.0
2014,judah,15.0
2014,jude,25.0
2014,julian,87.0
2014,justin,24.0
2014,kai,23.0
2014,karas,10.0
2014,kareem,12.0
2014,kevin,17.0
2014,kieran,14.0
2014,kyle,12.0
2014,landon,23.0
2014,lazer,26.0
2014,leibish,12.0
2014,leo,108.0
2014,leon,32.0
2014,leonardo,36.0
2014,lev,18.0
2014,levi,58.0
2014,liam,139.0
2014,lincoln,11.0
2014,lipa,39.0
2014,logan,68.0
2014,lorenzo,20.0
2014,louis,18.0
2014,luca,94.0
2014,lucas,121.0
2014,lucien,10.0
2014,luka,24.0
2014,lukas,27.0
2014,luke,99.0
2014,marc,13.0
2014,marcel,10.0
2014,marco,15.0
2014,marcus,20.0
2014,mark,61.0
2014,martin,26.0
2014,mason,94.0
2014,mateo,21.0
2014,matteo,22.0
2014,matthew,131.0
2014,max,108.0
2014,maxim,26.0
2014,maximilian,20.0
2014,maximus,16.0
2014,maxwell,45.0
2014,mayer,29.0
2014,meilech,12.0
2014,meir,66.0
2014,menachem,118.0
2014,menashe,12.0
2014,mendel,38.0
2014,mendy,13.0
2014,micah,16.0
2014,michael,268.0
2014,milan,12.0
2014,miles,56.0
2014,milo,28.0
2014,mohamed,49.0
2014,mohammed,22.0
2014,moishe,21.0
2014,mordche,10.0
2014,mordechai,92.0
2014,morris,13.0
2014,moses,26.0
2014,moshe,267.0
2014,muhammad,16.0
2014,myles,10.0
2014,naftali,22.0
2014,naftuli,17.0
2014,nathan,82.0
2014,nathaniel,47.0
2014,nicholas,166.0
2014,nico,10.0
2014,nicolas,32.0
2014,nikita,11.0
2014,noah,137.0
2014,noam,23.0
2014,nolan,20.0
2014,nosson,11.0
2014,oliver,109.0
2014,omar,49.0
2014,oscar,38.0
2014,owen,87.0
2014,parker,27.0
2014,patrick,49.0
2014,paul,25.0
2014,peter,54.0
2014,philip,28.0
2014,pinchas,16.0
2014,pinchus,11.0
2014,preston,13.0
2014,quinn,14.0
2014,rafael,20.0
2014,raphael,29.0
2014,rayan,21.0
2014,raymond,13.0
2014,reed,11.0
2014,reid,15.0
2014,reuben,11.0
2014,rhys,12.0
2014,richard,20.0
2014,riley,11.0
2014,robert,67.0
2014,rocco,15.0
2014,roman,35.0
2014,ronan,21.0
2014,rory,11.0
2014,rowan,15.0
2014,ryan,138.0
2014,ryder,12.0
2014,salvatore,20.0
2014,sam,32.0
2014,samir,13.0
2014,samuel,206.0
2014,santino,14.0
2014,sawyer,27.0
2014,sean,53.0
2014,sebastian,100.0
2014,shalom,14.0
2014,shane,19.0
2014,shaya,31.0
2014,shea,13.0
2014,shia,37.0
2014,shimon,100.0
2014,shloime,11.0
2014,shloimy,16.0
2014,shlome,19.0
2014,shlomo,55.0
2014,shmiel,19.0
2014,shmuel,57.0
2014,sholom,16.0
2014,shraga,10.0
2014,shulem,45.0
2014,silas,11.0
2014,simcha,23.0
2014,simon,49.0
2014,solomon,51.0
2014,spencer,18.0
2014,stephen,18.0
2014,steven,27.0
2014,theo,12.0
2014,theodore,126.0
2014,thomas,118.0
2014,timothy,27.0
2014,tristan,26.0
2014,tyler,34.0
2014,tzvi,49.0
2014,usher,20.0
2014,victor,35.0
2014,vincent,43.0
2014,vincenzo,11.0
2014,wesley,11.0
2014,weston,11.0
2014,william,183.0
2014,winston,11.0
2014,wolf,12.0
2014,wyatt,33.0
2014,xavier,25.0
2014,yaakov,46.0
2014,yahya,11.0
2014,yakov,45.0
2014,yaseen,12.0
2014,yechiel,39.0
2014,yehoshua,26.0
2014,yehuda,86.0
2014,yidel,10.0
2014,yisrael,14.0
2014,yisroel,83.0
2014,yitzchak,15.0
2014,yitzchok,66.0
2014,yoel,12.0
2014,yosef,116.0
2014,yossi,15.0
2014,yousef,18.0
2014,youssef,24.0
2014,yusuf,16.0
2014,zachary,90.0
2014,zev,49.0
2015,aaliyah,-77.5
2015,aarav,-35.5
2015,aaron,-77.5
2015,aayan,9.0
2015,abby,14.5
2015,abdiel,-100.0
2015,abdoul,-11.857142857148574
2015,abdoulaye,-3.0
2015,abdul,-46.33333333333576
2015,abdullah,-14.0
2015,abel,3.0
2015,abigail,-79.5
2015,abraham,-83.0
2015,ada,-3.5
2015,adam,-4.0
2015,adan,9.333333333333371
2015,addison,-29.0
2015,adelaide,16.66666666666667
2015,adele,-9.5
2015,adeline,-6.0
2015,aden,-28.0
2015,adina,-7.5
2015,aditya,-37.83333333333576
2015,adonis,-10.0
2015,adrian,-127.5
2015,adriana,-89.5
2015,adrianna,-29.5
2015,adriel,-21.0
2015,adyan,21.0
2015,aharon,-7.5
2015,ahmad,13.333333333333336
2015,ahmed,-38.5
2015,ahnaf,11.0
2015,ahron,-160.0
2015,ahuva,-1.0
2015,aicha,1.5
2015,aidan,-146.5
2015,aiden,-311.5
2015,aileen,-14.0
2015,aimee,-22.0
2015,aisha,-1.0
2015,aissatou,-6.0
2015,aiza,12.0
2015,akiva,-3.0
2015,alan,-34.0
2015,alana,-8.5
2015,alani,-18.0
2015,alanis,41.0
2015,albert,17.0
2015,alberto,-10.5
2015,aldo,-64.0
2015,alec,-22.0
2015,aleena,6.0
2015,alejandra,-8.5
2015,alejandro,-45.5
2015,alessandra,-23.0
2015,alessia,-2.0
2015,alex,-96.0
2015,alexa,-75.0
2015,alexander,-204.0
2015,alexandra,-137.0
2015,alexandria,10.0
2015,alexia,20.66666666666663
2015,alexis,-61.5
2015,alfredo,-36.0
2015,ali,0.5
2015,alice,-36.0
2015,alicia,-56.5
2015,alina,51.0
2015,alisa,1.5
2015,alisha,-1.142857142858702
2015,alison,-34.0
2015,alisson,-44.5
2015,aliyah,-56.5
2015,aliza,-18.0
2015,allan,-1.5
2015,allen,-44.0
2015,allison,-49.0
2015,allyson,-13.0
2015,alma,32.0
2015,alondra,-10.0
2015,alpha,15.666666666666742
2015,alston,12.5
2015,alvin,-75.0
2015,alyssa,-130.5
2015,amadou,-7.0
2015,amalia,10.0
2015,amanda,-82.0
2015,amani,-40.0
2015,amar'e,-28.66666666666424
2015,amare,-12.5
2015,amari,-67.5
2015,amaya,-40.0
2015,amber,-42.5
2015,amelia,7.5
2015,amelie,-12.5
2015,amina,18.5
2015,aminata,-6.0
2015,amir,-24.5
2015,amira,-2.5
2015,amirah,-28.0
2015,amiyah,-13.0
2015,amy,-82.5
2015,ana,-2.0
2015,anabella,6.0
2015,analia,-52.33333333333576
2015,anastasia,4.5
2015,anaya,21.0
2015,anderson,-19.0
2015,andre,-37.0
2015,andrea,-54.5
2015,andres,-57.5
2015,andrew,-312.5
2015,andy,-51.5
2015,angel,-257.5
2015,angela,-1.5
2015,angelica,-49.5
2015,angelina,-117.0
2015,angelique,-35.5
2015,angelo,-56.0
2015,angie,-28.0
2015,anika,-30.0
2015,anisa,15.0
2015,aniya,-19.5
2015,aniyah,-67.0
2015,anna,-39.5
2015,annabel,-34.16666666666424
2015,annabella,12.0
2015,annabelle,-9.5
2015,anne,27.66666666666606
2015,annie,-1.0
2015,anson,-2.0
2015,anthony,-381.5
2015,anton,11.0
2015,antonia,18.33333333333303
2015,antonio,-46.5
2015,anya,5.66666666666606
2015,april,-8.0
2015,archer,13.0
2015,arely,-4.714285714286234
2015,ari,-2.5
2015,aria,116.0
2015,ariana,39.0
2015,arianna,-55.5
2015,arianny,-10.0
2015,ariel,-51.5
2015,ariella,-9.5
2015,arielle,7.0
2015,arisha,9.5
2015,arjun,-24.0
2015,armaan,-2.6666666666678793
2015,armando,-92.0
2015,armani,-18.0
2015,aron,-19.0
2015,arthur,-16.5
2015,arya,30.0
2015,aryan,-6.0
2015,aryeh,-13.5
2015,asher,20.5
2015,ashley,-249.0
2015,ashton,-17.5
2015,atara,4.0
2015,athena,40.0
2015,aubree,35.0
2015,aubrey,0.0
2015,audrey,35.5
2015,august,9.5
2015,aurora,7.5
2015,austin,2.0
2015,autumn,-1.5
2015,ava,-52.5
2015,avery,97.5
2015,avi,-7.5
2015,avigail,-5.0
2015,aviva,-16.0
2015,avraham,3.0
2015,avrohom,-11.5
2015,avrum,-1.5
2015,axel,-41.5
2015,aya,15.5
2015,ayaan,15.5
2015,ayan,21.666666666666515
2015,ayden,-206.0
2015,ayesha,4.0
2015,ayla,8.571428571427532
2015,ayleen,-7.999999999996362
2015,aylin,27.5
2015,baila,-14.5
2015,barbara,-2.6666666666678793
2015,baruch,-18.5
2015,batsheva,7.0
2015,beatrice,-12.0
2015,beckett,-4.5
2015,bella,-3.0
2015,ben,-18.0
2015,benjamin,-109.0
2015,bennett,7.0
2015,benson,-9.0
2015,benzion,2.0
2015,berish,0.0
2015,bianca,-20.0
2015,binyomin,-12.0
2015,blake,-13.5
2015,blima,1.5
2015,blimy,-2.0
2015,bonnie,-72.0
2015,boruch,-13.5
2015,boubacar,19.0
2015,bracha,-16.5
2015,bradley,17.0
2015,brady,-5.0
2015,brandon,-267.5
2015,brayan,-16.0
2015,brayden,-2.0
2015,breindy,-38.5
2015,brenda,-14.5
2015,brendan,-19.5
2015,brian,-144.5
2015,briana,-39.5
2015,brianna,-201.0
2015,bridget,-11.0
2015,brielle,-2.0
2015,britney,-25.33333333333576
2015,brittany,4.5
2015,brody,-7.0
2015,brooke,-14.0
2015,brooklyn,-1.3333333333321207
2015,bruce,7.33333333333394
2015,brucha,-8.0
2015,bruchy,-3.5
2015,bryan,-112.0
2015,bryanna,-12.5
2015,bryant,-15.0
2015,bryce,-42.5
2015,brynn,-5.333333333332121
2015,bryson,-4.5
2015,byron,-34.0
2015,caden,-2.857142857144936
2015,caiden,18.0
2015,caitlin,-5.5
2015,caleb,-36.0
2015,calvin,-5.0
2015,cameron,-68.5
2015,camila,-94.5
2015,camilla,21.33333333333303
2015,camille,-0.5
2015,camilo,9.0
2015,camren,11.0
2015,carina,25.0
2015,carla,12.0
2015,carlos,-90.5
2015,carmelo,-38.0
2015,carmen,-5.0
2015,carolina,14.0
2015,caroline,-19.5
2015,carson,3.0
2015,carter,115.0
2015,cassandra,-80.0
2015,cassidy,10.0
2015,cataleya,13.0
2015,catalina,13.0
2015,catherine,-12.0
2015,cayden,25.0
2015,cecilia,5.0
2015,celeste,1.3333333333321207
2015,celia,-2.714285714286234
2015,celine,37.0
2015,cesar,-20.5
2015,chad,-100.0
2015,chaim,-89.0
2015,chana,-46.0
2015,chance,9.5
2015,chany,-27.0
2015,charles,-88.0
2015,charlie,-12.0
2015,charlotte,-4.5
2015,chase,17.5
2015,chava,-35.0
2015,chavy,-2.0
2015,chaya,-74.5
2015,chelsea,-47.5
2015,cheskel,-7.0
2015,chesky,7.0
2015,cheyenne,-80.0
2015,chloe,-168.5
2015,chris,-21.5
2015,christian,-306.5
2015,christina,-54.0
2015,christine,-19.16666666666788
2015,christopher,-388.0
2015,cindy,-19.5
2015,claire,1.0
2015,clara,-27.0
2015,clementine,12.0
2015,cody,-200.0
2015,cole,-32.0
2015,colette,-5.0
2015,colin,11.0
2015,connie,0.0
2015,connor,-18.5
2015,conor,1.5
2015,cooper,-7.5
2015,cora,10.0
2015,corey,-16.0
2015,cristian,-49.5
2015,cristopher,-35.5
2015,crystal,-1.0
2015,cynthia,-7.0
2015,dahlia,-10.5
2015,daisy,-72.5
2015,dakota,-10.5
2015,dalia,-76.0
2015,damian,40.5
2015,damien,-8.0
2015,damon,24.0
2015,dana,-160.0
2015,daniel,-309.5
2015,daniela,-78.0
2015,daniella,-54.0
2015,danielle,-41.5
2015,danna,-29.0
2015,danny,-68.0
2015,dante,-1.5
2015,daphne,13.66666666666606
2015,dariel,-19.5
2015,darius,-29.33333333333576
2015,darren,-27.5
2015,darwin,-14.5
2015,dashiell,-2.6666666666678793
2015,david,-289.5
2015,dayana,-21.5
2015,dean,0.5
2015,declan,-1.0
2015,delilah,15.0
2015,denise,-152.0
2015,dennis,-36.0
2015,denzel,14.0
2015,dereck,-22.0
2015,derek,-72.5
2015,derick,-10.666666666664241
2015,derrick,-24.66666666666788
2015,destiny,-61.0
2015,devin,-90.5
2015,devora,-0.5
2015,devorah,-14.5
2015,diana,-45.0
2015,diego,-20.5
2015,dina,-36.0
2015,diya,-100.0
2015,dominic,9.5
2015,dominick,-23.5
2015,donovan,10.285714285713766
2015,doris,8.5
2015,dov,-40.5
2015,dovid,-37.0
2015,drew,10.5
2015,dulce,-60.66666666666424
2015,duvid,22.0
2015,dylan,-1.5
2015,eason,34.0
2015,eddie,-24.0
2015,eddy,9.0
2015,eden,-19.0
2015,edgar,-23.5
2015,edison,-28.5
2015,eduardo,-60.0
2015,edward,-25.0
2015,edwin,-95.5
2015,efraim,-28.0
2015,egypt,-12.499999999992724
2015,eileen,-21.0
2015,eitan,-7.0
2015,elaine,-30.5
2015,elan,12.0
2015,eleanor,22.0
2015,elena,16.0
2015,eli,-59.0
2015,elian,-4.5
2015,eliana,26.5
2015,elianny,-104.0
2015,elias,-18.5
2015,eliezer,-3.5
2015,elijah,-205.5
2015,elimelech,-7.0
2015,elina,0.0
2015,elisa,-14.5
2015,elise,-8.66666666666788
2015,elisheva,-7.5
2015,eliyahu,-33.5
2015,eliza,3.0
2015,elizabeth,-114.5
2015,ella,-100.0
2015,elle,4.571428571427532
2015,elliana,-88.0
2015,ellie,24.0
2015,elliot,-18.5
2015,elliott,-6.0
2015,ellis,-0.142857142858702
2015,eloise,8.0
2015,elsa,42.33333333333212
2015,elvis,-23.5
2015,emanuel,-18.0
2015,emely,-16.5
2015,emerson,-7.5
2015,emilia,34.5
2015,emiliano,-6.714285714286234
2015,emilio,-9.0
2015,emily,-154.0
2015,emma,-86.0
2015,emmanuel,-41.5
2015,emmeline,11.0
2015,emmett,12.666666666666629
2015,enrique,0.714285714282596
2015,eric,-128.0
2015,erica,-13.857142857144936
2015,erick,-35.0
2015,erik,-13.428571428572468
2015,erika,-35.5
2015,erin,-47.0
2015,esme,13.0
2015,esmeralda,-21.0
2015,esteban,-3.142857142858702
2015,ester,-13.0
2015,esther,-88.5
2015,esty,0.5
2015,ethan,-268.0
2015,etty,-2.0
2015,eva,-68.0
2015,evan,-160.0
2015,evangeline,20.5
2015,eve,-16.0
2015,evelyn,-43.0
2015,everett,18.0
2015,ezekiel,9.0
2015,ezequiel,-2.5
2015,ezra,31.0
2015,fabian,6.0
2015,faiga,5.0
2015,faigy,-34.5
2015,faith,-36.000000000029104
2015,fanta,-8.000000000003638
2015,farhan,-46.0
2015,fatima,-19.5
2015,fatou,-2.6666666666678793
2015,fatoumata,-33.0
2015,felix,-3.5
2015,fernanda,-128.0
2015,fernando,-11.5
2015,filip,-9.5
2015,finn,-11.0
2015,fiona,-39.0
2015,fradel,-14.499999999992724
2015,frady,15.5
2015,fraidy,-7.0
2015,frances,24.66666666666606
2015,francesca,-1.5
2015,francesco,-17.0
2015,francis,13.0
2015,francisco,-16.0
2015,frank,-43.0
2015,franklin,-116.0
2015,freddy,-108.0
2015,frederick,18.66666666666697
2015,frimet,-1.5
2015,gabriel,-148.5
2015,gabriela,-103.0
2015,gabriella,-115.0
2015,gabrielle,-90.5
2015,gael,32.5
2015,gavin,-75.0
2015,gavriel,-5.0
2015,gemma,-4.0
2015,genesis,-37.5
2015,genevieve,6.0
2015,george,-95.5
2015,georgia,-14.5
2015,geraldine,-112.0
2015,gerardo,-1.3333333333321207
2015,gia,-34.5
2015,gianna,-106.5
2015,giovani,-18.0
2015,giovanna,4.0
2015,giovanni,-98.0
2015,giovanny,-28.0
2015,giselle,-9.0
2015,gittel,-76.5
2015,gitty,-59.0
2015,giuliana,-41.5
2015,golda,-4.0
2015,goldy,-33.0
2015,gordon,9.666666666666742
2015,grace,-51.0
2015,graham,-5.0
2015,grant,-9.5
2015,grayson,30.5
2015,gregory,-19.5
2015,greta,-92.0
2015,greyson,8.5
2015,griffin,-18.0
2015,guadalupe,-10.0
2015,gustavo,-39.33333333333576
2015,hadassah,-10.5
2015,hadley,21.33333333333303
2015,hafsa,12.5
2015,hailey,-164.0
2015,haley,-39.5
2015,hamza,11.0
2015,hana,33.33333333333394
2015,hanna,20.5
2015,hannah,-36.0
2015,harmony,-15.0
2015,harper,5.0
2015,harrison,-14.5
2015,harry,-6.0
2015,hassan,0.0
2015,hawa,-6.5
2015,hayden,-1.5
2015,haylee,-9.0
2015,hazel,-10.0
2015,heaven,-38.0
2015,hector,-31.5
2015,heidi,-11.0
2015,heidy,-46.5
2015,helen,2.5
2015,helena,18.666666666666742
2015,henny,-5.0
2015,henry,-77.0
2015,hersh,1.5
2015,hershel,-18.5
2015,hershy,-6.0
2015,hillel,13.0
2015,hinda,6.66666666666697
2015,hindy,-19.5
2015,hudson,18.0
2015,hugo,10.5
2015,hunter,63.5
2015,ian,-15.0
2015,ibrahim,19.5
2015,ibrahima,-1.0
2015,idy,-17.83333333333212
2015,iker,41.0
2015,ilan,-51.66666666666424
2015,ilana,-16.0
2015,imani,-43.0
2015,inaaya,9.0
2015,irene,-35.5
2015,iris,-35.5
2015,isaac,14.0
2015,isabel,-24.5
2015,isabela,-24.0
2015,isabella,-339.5
2015,isabelle,20.5
2015,isaiah,-195.5
2015,ishaan,-18.0
2015,isiah,-22.0
2015,isis,-4.0
2015,isla,17.0
2015,ismael,10.0
2015,israel,-12.5
2015,issac,10.0
2015,itzel,-22.5
2015,ivan,-87.5
2015,ivanna,10.5
2015,ivy,-25.0
2015,izabella,-45.5
2015,jace,51.0
2015,jack,-72.5
2015,jackson,-30.0
2015,jacky,-184.0
2015,jacob,-402.0
2015,jacqueline,-48.0
2015,jada,-112.5
2015,jade,-37.0
2015,jaden,-169.0
2015,jadiel,-39.0
2015,jael,10.33333333333394
2015,jahmir,-120.0
2015,jaiden,-99.5
2015,jaime,-64.0
2015,jake,-87.5
2015,jalen,-12.0
2015,jaliyah,0.8333333333321207
2015,jamal,-28.0
2015,jamari,-2.0
2015,jamel,-30.0
2015,james,-44.0
2015,jamie,-25.5
2015,jana,8.0
2015,jane,-15.5
2015,janelle,-22.0
2015,janice,-6.57142857143117
2015,janiyah,-25.33333333333576
2015,jannat,-7.5
2015,januel,-24.0
2015,jared,-20.5
2015,jariel,-17.5
2015,jasiah,-12.5
2015,jasmin,-200.0
2015,jasmina,12.0
2015,jasmine,-73.5
2015,jason,-195.0
2015,jasper,19.0
2015,javier,-16.0
2015,jax,9.0
2015,jaxon,65.33333333333576
2015,jay,-38.0
2015,jayce,62.0
2015,jayceon,80.0
2015,jayda,-34.0
2015,jayden,-664.0
2015,jayla,-66.0
2015,jaylah,3.0
2015,jayleen,-59.5
2015,jaylen,-44.5
2015,jaylene,-22.0
2015,jaylin,2.5
2015,jayson,-40.0
2015,jazlyn,0.0
2015,jazmin,-2.0
2015,jazmine,-36.5
2015,jean,-47.0
2015,jefferson,-4.5
2015,jeffrey,-31.5
2015,jencarlos,-92.0
2015,jenna,-4.0
2015,jennifer,-76.5
2015,jenny,-23.0
2015,jeremiah,-230.0
2015,jeremias,-32.0
2015,jeremy,-48.5
2015,jermaine,-136.0
2015,jerry,-48.0
2015,jesse,-42.0
2015,jessica,-81.0
2015,jessie,-2.0
2015,jesus,-41.0
2015,jimena,-2.5
2015,jimmy,2.5
2015,joanna,-28.0
2015,joaquin,-13.0
2015,jocelyn,-46.0
2015,joel,-97.0
2015,johan,-17.0
2015,johanna,-25.0
2015,john,-226.0
2015,johnny,-41.5
2015,jonah,-52.0
2015,jonas,15.666666666666515
2015,jonathan,-292.0
2015,jordan,-113.5
2015,jordyn,-8.5
2015,jorge,-29.5
2015,jose,-126.0
2015,joselyn,-41.0
2015,joseph,-253.0
2015,josephine,-3.0
2015,joshua,-321.0
2015,josiah,-119.5
2015,josue,-17.5
2015,journey,14.0
2015,joy,8.0
2015,joyce,-41.5
2015,juan,-98.0
2015,judah,-41.0
2015,jude,10.5
2015,judy,-1.0
2015,julia,-150.0
2015,julian,-78.0
2015,juliana,-24.0
2015,julianna,-43.0
2015,julie,-0.5
2015,julien,-18.5
2015,juliet,-38.5
2015,juliette,1.0
2015,julio,-27.5
2015,julissa,-7.5
2015,julius,23.5
2015,june,13.666666666666629
2015,junior,-17.0
2015,justice,5.0
2015,justin,-683.0
2015,kaden,-14.0
2015,kadiatou,7.0
2015,kai,14.5
2015,kaiden,74.5
2015,kailey,-18.0
2015,kailyn,-22.0
2015,kaitlyn,-40.0
2015,kaleb,8.0
2015,kaliyah,-128.0
2015,kamari,-16.0
2015,kameron,-36.0
2015,kamila,-40.0
2015,kareem,35.66666666666606
2015,karen,-88.5
2015,karina,18.666666666666742
2015,karla,-14.5
2015,karter,53.0
2015,kate,-51.0
2015,katelyn,-29.5
2015,katelynn,-16.0
2015,katherine,-83.5
2015,kathryn,-76.0
2015,katie,-20.5
2015,kayden,72.0
2015,kayla,-188.0
2015,kaylee,-70.5
2015,kayleen,-14.5
2015,kaylie,-14.0
2015,kaylin,1.5
2015,keira,13.0
2015,keith,-104.0
2015,kelly,-76.5
2015,kelsey,-0.5
2015,kelvin,-63.5
2015,kendra,-4.5
2015,kendrick,4.0
2015,kennedy,22.5
2015,kenneth,-62.0
2015,kenny,-18.0
2015,kevin,-301.5
2015,keyla,-3.0
2015,khalil,-13.285714285717404
2015,khloe,-66.5
2015,kiara,-18.0
2015,kieran,-1.5
2015,kimberly,-89.0
2015,kimi,36.0
2015,kimora,-26.5
2015,king,100.5
2015,kingsley,-39.5
2015,kingston,17.5
2015,kira,-3.0
2015,kiyan,-84.0
2015,kristian,20.5
2015,kyla,-8.0
2015,kyle,-63.0
2015,kylee,-3.5
2015,kylie,-7.5
2015,kymani,-148.0
2015,kyrie,25.0
2015,laila,-70.0
2015,lana,12.5
2015,landon,-22.5
2015,lara,-4.0
2015,laura,-14.0
2015,lauren,-50.5
2015,lawrence,7.5
2015,layan,15.0
2015,layla,-13.0
2015,lazer,-5.0
2015,lea,-36.5
2015,leah,-171.5
2015,leandro,-14.0
2015,leela,-20.0
2015,leila,15.5
2015,leilani,-47.5
2015,lena,-13.0
2015,lenny,2.0
2015,leo,-7.5
2015,leon,12.5
2015,leonardo,-18.0
2015,leonel,-28.83333333333576
2015,leora,-8.5
2015,lesley,-104.0
2015,leslie,-73.5
2015,lesly,-7.5
2015,lev,5.0
2015,levi,20.5
2015,leyla,1.5
2015,lia,-42.5
2015,liam,234.0
2015,liana,-27.0
2015,liba,-10.5
2015,libby,1.0
2015,lila,-1.5
2015,lilah,-4.57142857143117
2015,liliana,-50.0
2015,lillian,-23.0
2015,lilly,-4.0
2015,lily,-43.5
2015,lina,5.5
2015,lincoln,8.0
2015,linda,5.33333333333303
2015,lindsay,4.0
2015,lipa,20.5
2015,litzy,-2.0
2015,liv,21.0
2015,livia,27.33333333333394
2015,lizbeth,-28.5
2015,logan,86.5
2015,lola,5.5
2015,london,-114.5
2015,londyn,-4.0
2015,lorenzo,-2.5
2015,louis,-18.0
2015,louisa,10.0
2015,luca,31.5
2015,lucas,-37.0
2015,lucia,-21.0
2015,luciana,25.0
2015,lucien,2.0
2015,lucy,-10.5
2015,luis,-108.5
2015,luka,-7.5
2015,lukas,-1.5
2015,luke,-27.5
2015,luna,46.5
2015,luz,-88.0
2015,lydia,30.66666666666606
2015,lyla,-14.0
2015,lyric,-4.0
2015,mackenzie,16.0
2015,madeleine,7.5
2015,madeline,24.5
2015,madelyn,13.5
2015,madison,-258.5
2015,madisyn,16.0
2015,mae,11.666666666666629
2015,maeve,0.0
2015,maggie,5.5
2015,maia,17.0
2015,major,22.0
2015,makai,-80.0
2015,makayla,-134.0
2015,maksim,-92.0
2015,malachi,-77.5
2015,malak,-4.5
2015,malcolm,-18.0
2015,malia,3.0
2015,malik,-9.5
2015,maliyah,0.0
2015,malka,-6.0
2015,malky,-15.5
2015,mamadou,-15.5
2015,mandy,-4.285714285713766
2015,manha,12.0
2015,manuel,-21.0
2015,marc,-33.0
2015,marco,-19.0
2015,marcos,-37.0
2015,marcus,-59.5
2015,margaret,-4.5
2015,margot,23.33333333333303
2015,maria,-44.0
2015,mariah,-56.0
2015,mariam,-0.5
2015,mariama,-18.0
2015,mariana,1.0
2015,marilyn,3.0
2015,mario,-19.0
2015,marjorie,18.0
2015,mark,-66.5
2015,marlon,-4.0
2015,martin,-27.5
2015,marvin,-17.0
2015,mary,7.0
2015,maryam,15.0
2015,mason,-63.5
2015,mateo,4.0
2015,mathew,-11.5
2015,mathias,17.333333333333485
2015,matias,2.0
2015,matilda,-1.0
2015,matteo,1.0
2015,matthew,-419.0
2015,maurice,-140.0
2015,mauricio,-33.33333333333576
2015,max,-56.5
2015,maxim,-15.0
2015,maximilian,-2.0
2015,maximiliano,-6.0
2015,maximo,-28.0
2015,maximus,-4.0
2015,maxwell,53.0
2015,maya,-78.0
2015,mayer,-5.0
2015,mckenzie,-11.5
2015,megan,5.0
2015,meilech,-3.5
2015,meir,-8.0
2015,mekhi,-34.5
2015,melanie,-87.5
2015,melany,24.0
2015,melina,21.33333333333303
2015,melissa,-50.0
2015,melody,7.5
2015,melvin,-6.5
2015,menachem,-52.0
2015,menashe,1.3333333333321207
2015,mendel,-15.0
2015,mendy,-1.5
2015,messiah,41.5
2015,meyer,25.0
2015,mia,-79.5
2015,miah,-160.0
2015,micah,-8.5
2015,michael,-358.0
2015,michaela,-7.142857142855064
2015,michal,-44.0
2015,michelle,-112.0
2015,miguel,-95.5
2015,mikaela,-7.857142857144936
2015,mikayla,-79.0
2015,mike,-14.0
2015,mila,56.5
2015,milan,40.0
2015,milana,19.0
2015,miles,2.5
2015,miley,-49.83333333333576
2015,milo,-2.0
2015,mina,-5.5
2015,mindy,-7.0
2015,mira,21.0
2015,miracle,11.66666666666697
2015,miranda,19.5
2015,mirel,16.66666666666663
2015,miri,-20.33333333333212
2015,miriam,-55.5
2015,mohamed,-44.5
2015,mohammad,4.0
2015,mohammed,-55.0
2015,moises,-17.0
2015,moishe,-7.5
2015,molly,-24.5
2015,mordechai,-20.5
2015,morgan,-30.5
2015,morris,-3.5
2015,moses,-20.5
2015,moshe,-50.0
2015,mouhamed,14.0
2015,moussa,3.5
2015,muhammad,66.0
2015,musa,9.333333333333258
2015,mushka,12.0
2015,mya,-44.5
2015,myles,12.5
2015,nachman,-1.0
2015,nadia,-35.99999999998545
2015,naftali,0.0
2015,naftuli,-13.0
2015,nahla,-6.999999999996362
2015,naomi,-15.5
2015,nasir,-19.5
2015,natalia,-76.0
2015,natalie,-92.5
2015,nataly,-96.0
2015,natasha,-15.83333333333212
2015,nathalia,-80.0
2015,nathalie,-18.0
2015,nathaly,-13.0
2015,nathan,17.5
2015,nathaniel,-125.0
2015,nayeli,-10.5
2015,nechama,-5.5
2015,nehemiah,-30.0
2015,neil,14.5
2015,nelson,-36.0
2015,nevaeh,-106.5
2015,neymar,21.33333333333303
2015,nia,-28.0
2015,nicholas,-139.5
2015,nico,-9.5
2015,nicolas,-57.5
2015,nicole,-95.5
2015,nicolette,-64.0
2015,nikita,11.0
2015,nikolas,-80.0
2015,nina,-34.0
2015,noa,-29.5
2015,noah,137.5
2015,noam,11.5
2015,noel,17.5
2015,noemi,-23.16666666666788
2015,nolan,35.0
2015,noor,36.0
2015,nora,50.5
2015,nosson,-1.142857142858702
2015,nyla,-43.0
2015,nylah,-13.5
2015,olive,19.66666666666663
2015,oliver,-7.0
2015,olivia,-96.5
2015,omar,-16.5
2015,omari,-13.428571428572468
2015,oscar,-21.0
2015,oumar,13.333333333333485
2015,oumou,17.666666666666664
2015,ousmane,-30.0
2015,owen,13.5
2015,pablo,-23.5
2015,paige,-6.0
2015,paola,-68.0
2015,paris,-8.5
2015,parker,1.5
2015,patrick,-103.0
2015,paul,-31.0
2015,paula,10.0
2015,pearl,-7.5
2015,pedro,-34.0
2015,penelope,101.5
2015,perel,0.57142857143117
2015,perl,19.0
2015,perla,-56.0
2015,perry,11.0
2015,pessy,-7.5
2015,peter,-44.5
2015,peyton,79.5
2015,philip,-12.5
2015,phoebe,-30.0
2015,phoenix,10.0
2015,pinchas,-9.0
2015,pinchus,-6.285714285717404
2015,piper,5.5
2015,poppy,17.0
2015,preston,-12.0
2015,prince,-21.5
2015,princess,-50.83333333333576
2015,queenie,-7.0
2015,quincy,6.666666666667879
2015,quinn,9.0
2015,rachel,-75.0
2015,rafael,-47.5
2015,raina,-6.0
2015,raizel,-17.5
2015,raizy,14.5
2015,randy,-66.0
2015,raphael,-2.0
2015,raquel,-29.0
2015,raul,36.0
2015,rayan,4.0
2015,raymond,-12.5
2015,rayyan,30.0
2015,reagan,1.0
2015,rebecca,-74.5
2015,reed,-1.42857142856883
2015,reese,5.0
2015,rehan,13.666666666666742
2015,reid,-3.0
2015,renee,-20.0
2015,rhys,14.0
2015,ricardo,-38.5
2015,richard,-83.0
2015,ricky,-15.5
2015,rifky,-9.0
2015,rihanna,-68.0
2015,riley,23.0
2015,rivka,-66.0
2015,rivky,-4.0
2015,robert,-81.0
2015,roberto,7.5
2015,rocco,-17.5
2015,rochel,6.5
2015,rodrigo,-10.0
2015,rohan,-2.0
2015,roizy,-4.000000000003638
2015,roman,44.0
2015,romeo,-9.0
2015,ronan,23.33333333333394
2015,rory,8.0
2015,rosa,-0.285714285713766
2015,rose,22.5
2015,roselyn,-132.0
2015,rowan,8.0
2015,roy,25.66666666666697
2015,ruben,-16.714285714289872
2015,ruby,-0.5
2015,ruchy,0.0
2015,ruth,12.428571428570649
2015,ryan,-223.0
2015,ryder,2.0
2015,sabrina,-76.0
2015,sadie,-14.5
2015,sage,10.0
2015,salma,-17.0
2015,salome,11.5
2015,salvatore,-38.5
2015,sam,-20.0
2015,samantha,-162.0
2015,samara,-22.5
2015,samir,5.0
2015,samiyah,-58.0
2015,samuel,-147.5
2015,sanaa,-31.0
2015,sanai,-20.0
2015,saniyah,-10.5
2015,santiago,-19.0
2015,santino,-1.0
2015,sara,-72.5
2015,sarah,-183.5
2015,sarai,-25.5
2015,sariah,-35.5
2015,sasha,-55.0
2015,saul,18.0
2015,savanna,-76.0
2015,savannah,-23.5
2015,sawyer,39.0
2015,scarlet,-90.16666666667152
2015,scarlett,21.5
2015,sean,-88.0
2015,sebastian,-26.5
2015,selena,-15.5
2015,selina,-22.0
2015,serena,-13.0
2015,serenity,-47.5
2015,sergio,-1.5
2015,seth,-2.6666666666678793
2015,shaina,-7.0
2015,shaindel,-8.5
2015,shaindy,-12.0
2015,shalom,-3.0
2015,shane,-29.0
2015,shania,-34.0
2015,sharon,-15.5
2015,shawn,-61.5
2015,shaya,-10.5
2015,shayan,10.0
2015,shayla,13.0
2015,shea,-9.5
2015,sherlyn,9.0
2015,shia,-7.0
2015,shifra,-10.5
2015,shiloh,-6.666666666664241
2015,shimon,-40.5
2015,shira,-10.0
2015,shirley,-7.0
2015,shloime,-12.0
2015,shloimy,-5.0
2015,shlome,-5.5
2015,shlomo,-34.0
2015,shmiel,-6.0
2015,shmuel,-3.5
2015,shneur,-27.83333333333576
2015,sholom,-16.5
2015,shoshana,-18.5
2015,shraga,10.0
2015,shulem,-21.5
2015,siena,-9.5
2015,sienna,-32.5
2015,silas,-3.5
2015,sima,-18.0
2015,simcha,-26.0
2015,simon,-35.0
2015,simone,2.0
2015,sincere,-20.5
2015,skye,-2.0
2015,skyla,-24.5
2015,skylah,30.66666666666606
2015,skylar,46.0
2015,skyler,38.66666666666788
2015,sloane,3.0
2015,sofia,-95.5
2015,solomon,-27.5
2015,sophia,-213.0
2015,sophie,-28.5
2015,spencer,1.0
2015,stacy,-24.0
2015,stanley,-19.0
2015,stella,-25.0
2015,stephanie,-52.0
2015,stephen,-18.5
2015,steve,0.142857142856883
2015,steven,-168.0
2015,summer,1.0
2015,suri,-8.5
2015,sury,4.5
2015,sydney,-40.0
2015,syed,-0.5
2015,syeda,-10.5
2015,sylvia,16.5
2015,sylvie,10.0
2015,talia,25.5
2015,tamar,-5.0
2015,tamia,-47.0
2015,tatiana,-4.5
2015,taylor,-55.5
2015,tenzin,3.0
2015,terrell,-80.0
2015,terrence,-76.0
2015,tessa,-9.0
2015,theo,12.666666666666664
2015,theodore,108.5
2015,thiago,35.99999999999977
2015,thomas,-88.0
2015,tiana,-42.0
2015,tianna,0.0
2015,tiffany,-86.5
2015,timothy,-34.0
2015,tina,-36.5
2015,toby,-6.5
2015,tomas,-10.33333333333212
2015,tony,-13.5
2015,tori,-2.42857142856883
2015,trany,14.0
2015,travis,-53.5
2015,trinity,-10.0
2015,tristan,-46.0
2015,troy,-104.0
2015,tyler,-193.0
2015,tzipora,-2.0
2015,tziporah,2.6666666666678793
2015,tzivia,-124.0
2015,tzvi,-9.0
2015,uriel,-22.0
2015,usher,-25.5
2015,valentina,22.5
2015,valeria,-37.0
2015,valerie,-35.0
2015,valery,9.0
2015,vanessa,-69.5
2015,vera,-14.571428571427532
2015,veronica,-36.0
2015,vicky,-39.0
2015,victor,-81.5
2015,victoria,-82.0
2015,vihaan,31.0
2015,vincent,-135.0
2015,vincenzo,-2.6666666666678793
2015,violet,25.5
2015,vivian,-7.5
2015,viviana,-84.0
2015,vivienne,12.0
2015,walter,7.0
2015,wendy,-35.0
2015,wesley,30.0
2015,willa,9.0
2015,william,-204.0
2015,wilson,-43.0
2015,winnie,-26.0
2015,winston,25.33333333333394
2015,wolf,12.0
2015,wyatt,9.0
2015,wynter,13.666666666666742
2015,xavier,-114.5
2015,ximena,-0.5
2015,xin,-148.0
2015,yaakov,-13.0
2015,yadiel,-25.0
2015,yael,-18.5
2015,yahir,-6.5
2015,yakov,-44.5
2015,yamileth,12.0
2015,yandel,1.285714285713766
2015,yaretzi,-5.5
2015,yariel,-7.0
2015,yaseen,1.3333333333321207
2015,yasmin,6.0
2015,yasmine,2.6666666666678793
2015,yechezkel,-80.0
2015,yechiel,-0.5
2015,yehoshua,-7.0
2015,yehuda,-24.5
2015,yehudis,-11.0
2015,yidel,-1.3333333333321207
2015,yides,-14.5
2015,yisrael,-4.428571428572468
2015,yisroel,-34.0
2015,yitty,15.0
2015,yitzchak,-14.0
2015,yitzchok,-9.0
2015,yocheved,2.0
2015,yoel,-20.0
2015,yosef,-33.0
2015,yossi,18.666666666666515
2015,yousef,1.0
2015,youssef,13.5
2015,yusuf,9.66666666666606
2015,zachary,-20.0
2015,zahra,-58.33333333333576
2015,zain,-5.5
2015,zainab,-10.0
2015,zaire,-4.5
2015,zalmen,-39.33333333333576
2015,zaniyah,-4.0
2015,zara,22.5
2015,zariah,-12.5
2015,zayan,3.5
2015,zayden,30.33333333333394
2015,zelda,13.0
2015,zev,-20.5
2015,zion,-24.5
2015,zissy,-15.0
2015,zoe,-54.5
2015,zoey,23.5
2015,zuri,9.0
